,ctryyear,ctry,ctrycode,year,gdp,gdpdelta,gdp%change,lforce,lforcedelta,lforce%change,unemp,unempdelta,unemp%change,inflation,inflationdelta,inflation%change,All Products_tariff,All Products_delta,All Products_%change,Capital goods_tariff,Capital goods_delta,Capital goods_%change,Consumer goods_tariff,Consumer goods_delta,Consumer goods_%change,Intermediate goods_tariff,Intermediate goods_delta,Intermediate goods_%change,Raw materials_tariff,Raw materials_delta,Raw materials_%change
0,CAN1997,Canada,CAN,1997,3.183363787,2.660960305,5.093687918795304,64.44000244,0.19800567000000055,0.0030821842401458355,9.100000381000001,-0.5,-0.05208333126627607,1.621216381,0.05068525599999996,0.03227268482183065,5.19184906184484,-0.4087608878165092,-0.07298506617859113,3.40602790150362,-0.4544185409666302,-0.1177113962694567,8.76471195035455,-0.5930630794521896,-0.06337650537260653,4.87568540476006,-0.3435370423059094,-0.06582149846842256,2.8046833762594106,-0.03766150145087943,-0.01325015192428669
1,CAN1998,Canada,CAN,1998,2.986425101,-0.19693868599999972,-0.06186496397434825,64.69999695,0.2599945099999985,0.0040346756696987285,8.300000191,-0.8000001900000004,-0.08791210511049319,0.995942457,-0.6252739239999999,-0.3856819677668923,3.95144433987196,-1.24040472197288,-0.2389138642509229,2.21053400444044,-1.1954938970631799,-0.3509935712903054,7.27972541353379,-1.4849865368207604,-0.16942787683520955,3.1903960849212303,-1.6852893198388297,-0.3456517760956247,3.10720799330455,0.30252461704513944,0.10786408890425793
2,CAN1999,Canada,CAN,1999,4.296712274,1.310287173,0.4387477096148342,65.09400177,0.3940048200000064,0.006089719297892593,7.599999905,-0.7000002860000007,-0.0843373819146459,1.734842951,0.7389004939999998,0.7419108290912029,3.734110031703061,-0.21733430816889945,-0.0550012323281116,2.10761314575933,-0.1029208586811099,-0.04655927412759375,6.891174089987558,-0.3885513235462312,-0.053374447726266205,3.03202418440987,-0.1583719005113604,-0.04964020024343485,2.69923037133444,-0.4079776219701099,-0.13130039020536288
3,CAN2000,Canada,CAN,2000,4.258017061,-0.03869521299999956,-0.009005772444701465,65.28900146,0.19499968999998885,0.002995662959683898,6.8000001910000005,-0.7999997139999993,-0.1052631215789468,2.719439957,0.9845970060000002,0.5675424426357774,3.43452839868897,-0.29958163301409035,-0.08022838922008324,1.97208089416739,-0.13553225159194016,-0.0643060382616425,6.4168952446926,-0.4742788452949594,-0.06882409863713301,2.8045086811434103,-0.2275155032664596,-0.07503749621665412,1.94311920574554,-0.7561111655889001,-0.2801210202799753
4,CAN2001,Canada,CAN,2001,0.748589119,-3.5094279420000003,-0.8241930203012872,65.39800262,0.10900116000000536,0.0016695179519139458,7.199999809,0.39999961799999895,0.05882347158304646,2.52512014,-0.19431981700000026,-0.07145582181353538,3.6071967088201897,0.17266831013121964,0.050274241493280636,2.0612839724758403,0.08920307830845031,0.04523297120938419,6.556018748784809,0.13912350409220942,0.021680812727506767,2.66687557543436,-0.13763310570905052,-0.04907565686440907,2.31080759638016,0.36768839063461994,0.18922585374454395
5,CAN2002,Canada,CAN,2002,2.090014217,1.3414250979999998,1.7919377452238918,66.35199738,0.9539947600000004,0.01458752135815611,7.699999808999999,0.5,0.06944444628665125,2.258394409,-0.2667257309999997,-0.10562892702602256,3.6696884874488105,0.062491778628620764,0.017324194845215413,2.12392688171759,0.06264290924174976,0.030390237385151894,6.39171631381658,-0.1643024349682296,-0.02506131255324484,2.58022972954127,-0.08664584589308966,-0.03248964694536882,2.4829236308063,0.17211603442613965,0.07448306587521891
6,CAN2003,Canada,CAN,2003,0.7931208359999999,-1.2968933809999998,-0.6205189277906238,67.06400299,0.7120056100000056,0.010730733634472632,7.599999905,-0.0999999039999997,-0.01298700084162552,2.758563214,0.5001688049999995,0.22147097203515956,6.10924195369339,2.4395534662445795,0.6647848923930249,2.22350828906636,0.09958140734876997,0.046885515789620635,10.920147022024699,4.528430708208119,0.7084843077937124,3.3013750088284097,0.7211452792871396,0.2794887877736953,10.521404237056402,8.038480606250102,3.237506182838053
7,CAN2004,Canada,CAN,2004,2.05816244,1.265041604,1.5950174886087596,67.00700378,-0.05699921000000074,-0.0008499225733438197,7.199999809,-0.4000000960000003,-0.05263159223684233,1.857258719,-0.9013044949999997,-0.3267296868260202,3.5398754824586702,-2.56936647123472,-0.4205704227643806,2.2034091444337003,-0.02009914463265972,-0.009039383721433869,6.17695499765875,-4.743192024365949,-0.4343523960620189,2.2340155434916897,-1.06735946533672,-0.3233075498791953,2.3170353588315,-8.204368878224901,-0.7797788862943885
8,CAN2005,Canada,CAN,2005,2.188914999,0.13075255900000027,0.06352878492914305,66.63800049,-0.3690032900000091,-0.005506936128819251,6.8000001910000005,-0.39999961799999895,-0.05555550397376397,2.213552034,0.35629331500000005,0.19183827829428,3.40058424891025,-0.1392912335484202,-0.03934919017311689,2.10485870928361,-0.0985504351500901,-0.04472634390169905,6.10801914916051,-0.06893584849823943,-0.011160166866096331,2.11475868464267,-0.11925685884901993,-0.05338228697488179,1.65052454280315,-0.6665108160283504,-0.2876567306096172
9,CAN2006,Canada,CAN,2006,1.808912962,-0.3800020370000001,-0.17360292070436867,66.58799744,-0.050003050000000826,-0.000750368402898105,6.3000001910000005,-0.5,-0.07352940969939448,2.002025395,-0.21152663900000013,-0.09555982229058367,3.38407855226342,-0.016505696646830437,-0.0048537825969522394,2.12827152630506,0.023412817021450042,0.011123225002317879,6.111270337820081,0.0032511886595703032,0.0005322820017710228,1.98966566692436,-0.1250930177183096,-0.05915238397020538,1.54816492092547,-0.10235962187767987,-0.06201641915838374
10,CAN2007,Canada,CAN,2007,1.077673059,-0.7312399029999999,-0.4042427238685461,67.07099915,0.4830017100000106,0.007253585159025411,6.0,-0.3000001910000005,-0.0476190764928186,2.138383993,0.13635859800000014,0.06811032384531779,3.48778537975536,0.10370682749194016,0.030645514248650137,2.17575602419919,0.047484497894129785,0.022311296893854804,6.1151981593127,0.003927821492619721,0.0006427176798762257,2.05759559090529,0.0679299239809299,0.03414137616695001,1.87873174037856,0.3305668194530902,0.2135217088212296
11,CAN2008,Canada,CAN,2008,-0.08676893599999999,-1.164441995,-1.0805150831927774,67.31400299,0.2430038400000001,0.0036230836438941867,6.099999905,0.09999990499999978,0.016666650833333296,2.370270674,0.23188668099999976,0.10844015001939812,3.35798829916538,-0.12979708058997952,-0.03721475562784882,2.06163418406273,-0.11412184013645987,-0.05245157952783963,6.0903549043629095,-0.024843254949790783,-0.004062542913994993,1.86138431465984,-0.19621127624545,-0.09535949489429164,1.5308311290319498,-0.3479006113466103,-0.18517843919351096
12,CAN2009,Canada,CAN,2009,-4.054323962,-3.9675550260000003,45.72552354450906,66.78800201,-0.5260009800000063,-0.00781413905927042,8.300000191,2.2000002860000007,0.3606557902069345,0.299466803,-2.070803871,-0.8736571285782191,3.49224320109568,0.13425490193029965,0.039980753346778634,1.81494577147725,-0.24668841258548024,-0.11965673371759256,6.193022706200019,0.10266780183710987,0.016857441552964758,1.94909463341798,0.08771031875814006,0.047121015293485335,2.26307555380236,0.7322444247704103,0.4783312874186581
13,CAN2010,Canada,CAN,2010,1.941577559,5.995901521,-1.4788905813146265,66.60600281,-0.1819991999999928,-0.0027250283662138,8.100000381000001,-0.1999998099999996,-0.02409636209609567,1.776871541,1.4774047380000002,4.933450797215745,2.95602006693469,-0.53622313416099,-0.15354690474957522,1.4121426258171397,-0.4028031456601102,-0.2219367388218184,5.76542154499357,-0.4276011612064492,-0.06904563110649742,1.00228131002994,-0.9468133233880404,-0.4857708328546804,2.0532049068139497,-0.2098706469884104,-0.09273691575864153
14,CAN2011,Canada,CAN,2011,2.127591675,0.18601411600000015,0.09580565820703346,66.40100098,-0.2050018300000005,-0.0030778281438804678,7.5,-0.600000381000001,-0.0740741176268842,2.912135089,1.135263548,0.6389114360856321,2.8366196052113395,-0.1194004617233504,-0.040392304185933765,1.39857329788029,-0.01356932793684962,-0.009609035014432554,5.65499497878067,-0.11042656621290003,-0.01915325104177157,0.91730471148163,-0.08497659854830986,-0.0847831818252417,1.78258664735407,-0.27061825945987983,-0.13180285053955498
15,CAN2012,Canada,CAN,2012,0.551584748,-1.576006927,-0.7407468949604721,66.27500153,-0.125999450000009,-0.0018975534726948238,7.300000191,-0.19999980899999947,-0.026666641199999952,1.515678231,-1.396456858,-0.4795302468195355,2.8791481674525805,0.04252856224124102,0.014992691358090003,1.3808707170597,-0.017702580820590175,-0.01265759960341062,6.064715209226072,0.4097202304454006,0.07245280181199099,0.733887321608777,-0.18341738987285305,-0.19995252131278973,1.93183896725742,0.14925231990334994,0.08372794675921558
16,CAN2013,Canada,CAN,2013,1.294737009,0.7431522610000001,1.3473038616361452,66.16999817,-0.10500335999999776,-0.0015843584696481061,7.099999905,-0.20000028600000075,-0.027397298735221454,0.938291898,-0.5773863329999999,-0.3809425517836047,2.9664688083977504,0.08732064094516989,0.03032863745335823,1.4288999201908898,0.04802920313118997,0.034781824639933616,6.072340002824888,0.0076247935988185125,0.0012572385241138573,0.7481848805334671,0.01429755892469009,0.01948195384183493,2.18995554776845,0.2581165805110301,0.1336118511355382
17,CAN2014,Canada,CAN,2014,1.442497731,0.1477607219999999,0.11412412016717123,65.73500061,-0.43499755999999934,-0.006573939429202147,6.900000095,-0.1999998099999996,-0.028168987700852632,1.906635907,0.9683440089999998,1.03202853084851,2.93911875319407,-0.0273500552036805,-0.00921973463070147,1.35747334013806,-0.07142658005282976,-0.049987111793867056,6.08440990004363,0.012069897218740522,0.001987684683849356,0.778476878871696,0.03029199833822893,0.04048731687364526,2.29658490727085,0.10662935950240016,0.04869019355714999
18,CAN2015,Canada,CAN,2015,0.08555025599999999,-1.356947475,-0.9406929701437429,65.55999756,-0.17500305000000085,-0.002662250678877709,6.900000095,0.0,0.0,1.125241361,-0.7813945459999998,-0.4098289259796257,3.11365085933642,0.1745321061423497,0.05938246147852232,1.35792131881327,0.000447978675209848,0.0003300091883677858,6.390198488393401,0.3057885883497713,0.05025772316023258,0.704062037619821,-0.07441484125187503,-0.09559030367058552,3.14388392690142,0.8472990196305696,0.3689386867204743
19,CAN2016,Canada,CAN,2016,0.243484787,0.157934531,1.8461023775311676,65.40399933,-0.15599822999999444,-0.0023794727853250213,7.072999954,0.17299985899999992,0.025072442988133048,1.428759547,0.3035181859999998,0.2697360730948102,3.20240951529727,0.08875865596085042,0.028506296939075026,1.40394745373078,0.04602613491750995,0.033894552121571886,6.57096548230924,0.18076699391583875,0.028288165734471123,0.7166197850055559,0.012557747385734895,0.017836137605413468,3.1135718883508803,-0.030312038550539544,-0.009641589592785936
20,DEU2001,Germany,DEU,2001,1.524537695,-1.298158909,-0.4599002624513023,58.43399811,-0.11900329000000197,-0.002032402902577779,7.772999763,-0.14400005400000104,-0.01818871508507458,1.983856851,0.5125225029999998,0.3483385701534645,3.79647627825488,0.3512396836442901,0.10194936515934416,1.35249881392091,0.08893429284268994,0.07038365778646649,6.31295985620006,-0.09988957071765103,-0.015576472183857604,4.19686734315885,0.3759078623763994,0.09838048905439356,4.13121080592932,1.0201682790870799,0.32791846150768245
21,DEU2002,Germany,DEU,2002,-0.16798706300000002,-1.692524758,-1.1101888549892498,58.06499863,-0.3689994799999994,-0.0063148080216138824,8.482000351,0.7090005880000003,0.09121325223434207,1.4208067130000002,-0.5630501379999997,-0.2838159102639809,3.47372643743252,-0.3227498408223601,-0.08501300078469554,1.43488449135716,0.08238567743624993,0.060913678140251275,5.99119507112818,-0.32176478507187944,-0.050968926209132966,3.39204894880565,-0.8048183943531999,-0.1917664602063497,3.03148926131465,-1.09972154461467,-0.2661983607896007
22,DEU2003,Germany,DEU,2003,-0.7648612340000001,-0.5968741710000001,3.5530960559742626,57.49300003,-0.5719986000000006,-0.00985100514071946,9.779000282,1.2969999310000002,0.1529120345823951,1.034223392,-0.386583321,-0.2720872005057876,3.63457416954898,0.1608477321164603,0.0463040872715772,1.4740283440557098,0.03914385269854992,0.0272801420144464,6.023833665184847,0.032638594056669135,0.005447760199623009,3.94946349269544,0.5574145438897902,0.16432974650500176,3.03196849656296,0.00047923524831006153,0.00015808574829057062
23,DEU2004,Germany,DEU,2004,1.191936522,1.9567977559999998,-2.5583696349290985,57.99700165,0.5040016200000039,0.008766312763936801,10.72700024,0.9479999580000004,0.09694242056061332,1.665736088,0.6315126959999999,0.6106153669361212,3.48167466195363,-0.15289950759534987,-0.04206806642614847,1.4808131513690002,0.006784807313290342,0.004602901525368353,6.00319921123046,-0.02063445395438901,-0.003425468746530491,3.78914786185844,-0.16031563083700018,-0.040591749014392775,2.62847682964387,-0.40349166691909,-0.13307910929037958
24,DEU2005,Germany,DEU,2005,0.763909706,-0.428026816,-0.3591020227166091,58.49100113,0.4939994799999994,0.008517672740759652,11.16699982,0.4399995799999985,0.041017951911596066,1.546910755,-0.11882533299999998,-0.07133502951399108,3.30669571669757,-0.17497894525605995,-0.050257121140053984,1.45009271916869,-0.030720432200310288,-0.020745650571721064,5.73979921410863,-0.2633999971218301,-0.04387660443269581,3.8222210903154097,0.033073228456969694,0.00872840798583896,2.26604173905621,-0.3624350905876601,-0.1378878773060237
25,DEU2006,Germany,DEU,2006,3.817196752,3.0532870460000003,3.9969213926966387,58.875,0.3839988699999992,0.006565093135378897,10.25,-0.9169998199999992,-0.08211693693749866,1.577429241,0.030518485999999845,0.019728666247458948,3.1748304573995503,-0.13186525929801984,-0.03987825630043607,1.43270984134929,-0.017382877819399845,-0.011987425072629176,5.57046867526195,-0.1693305388466797,-0.029501125828663044,3.52878669667221,-0.2934343936431998,-0.07677064897859831,1.89792521642028,-0.36811652263593,-0.16244913599395916
26,DEU2007,Germany,DEU,2007,3.39870617,-0.41849058200000006,-0.10963296083198593,59.19800186,0.323001859999998,0.005486231167728173,8.657999992,-1.5920000079999994,-0.1553170739512194,2.29834058,0.7209113390000002,0.4570165940013789,3.06557721016468,-0.10925324723487018,-0.034412309161339534,1.54552384112541,0.11281399977611994,0.07874169390075147,5.49749162064932,-0.07297705461263071,-0.013100702807416598,2.84634551344965,-0.6824411832225601,-0.19339258557796368,1.78351068947916,-0.11441452694112007,-0.06028400168312209
27,DEU2008,Germany,DEU,2008,1.274699038,-2.124007132,-0.6249457957702769,59.22200012,0.02399825999999905,0.00040538969637449196,7.525000095,-1.1329998970000004,-0.13086161908603522,2.628383067,0.3300424869999996,0.1436003392499816,2.8252010750489,-0.2403761351157803,-0.07841137855499236,1.55757490976879,0.012051068643380123,0.007797400675880084,5.0816311897456385,-0.4158604309036802,-0.07564548699658813,2.88836439478405,0.04201888133440024,0.014762396601484706,1.37828678223066,-0.4052239072485,-0.2272057631271265
28,DEU2009,Germany,DEU,2009,-5.37941105,-6.654110088,-5.220142080314333,59.37099838,0.14899826000000616,0.0025159275218347155,7.742000103,0.2170000079999994,0.028837210001390726,0.312737723,-2.315645344,-0.8810151659678152,3.0976008930988903,0.2723998180499905,0.09641785161973848,1.42234558305328,-0.13522932671551002,-0.08682043211365276,5.32501764943144,0.24338645968580064,0.04789534120007311,2.92865627352138,0.04029187873732987,0.013949721444458607,1.8828307855981297,0.50454400336747,0.3660660537939
29,DEU2010,Germany,DEU,2010,4.239504345,9.618915395,-1.7880982333558617,59.41799927,0.04700088999999963,0.0007916472904696548,6.96600008,-0.7760000229999999,-0.10023249969982596,1.103808561,0.7910708379999999,2.5295024546814897,2.84400825998118,-0.2535926331177101,-0.08186743285188425,1.36362315667157,-0.0587224263817101,-0.041285625013615546,5.188251183033652,-0.13676646639778944,-0.02568375832752257,2.9846047766998,0.05594850317842015,0.019103813473866138,1.43133219216258,-0.4514985934355498,-0.2397977539400173
30,DEU2011,Germany,DEU,2011,5.599481428,1.3599770829999995,0.32078681193095915,59.97399902,0.5559997499999979,0.009357429681761786,5.823999882000001,-1.142000197999999,-0.16393915947241833,2.075172931,0.97136437,0.8800116291179954,2.8290552440601897,-0.014953015920990518,-0.005257725911488542,1.40011538338195,0.03649222671038,0.026761225439624337,5.01903552995579,-0.16921565307786054,-0.032615162047516244,3.29473338655747,0.3101286098576699,0.10390943962791344,1.26952546893746,-0.16180672322512013,-0.11304624049616918
31,DEU2012,Germany,DEU,2012,0.30351838600000003,-5.295963042,-0.945795268740018,59.92599869,-0.0480003300000007,-0.0008003523324164874,5.379000187000001,-0.4449996949999999,-0.07640791621156151,2.008491182,-0.06668174900000022,-0.03213310466991637,2.63755092770915,-0.1915043163510397,-0.06769196775252695,1.35104517516633,-0.049070208215620026,-0.03504726024586058,4.933331017896959,-0.08570451205883067,-0.01707589267844567,2.49494468912078,-0.7997886974366901,-0.24274762282733786,0.743012001572128,-0.526513467365332,-0.4147324967068222
32,DEU2013,Germany,DEU,2013,0.21572204600000006,-0.08779634,-0.2892620152507005,60.24599838,0.31999969000000306,0.005339914177406868,5.230999947,-0.1480002400000009,-0.02751445154392984,1.5047222669999998,-0.503768915,-0.2508195801479003,2.8394945213015497,0.20194359359239966,0.07656481301303186,1.37118963460464,0.020144459438310003,0.014910278211703654,5.1382852795917096,0.20495426169475006,0.041544802274816835,2.7887048872187297,0.29376019809794984,0.11774216854541608,0.801176802536357,0.05816480096422905,0.07828245148282797
33,DEU2014,Germany,DEU,2014,1.172691706,0.95696966,4.4361236032408105,60.36800003,0.1220016499999943,0.002025058149596415,4.980999947,-0.25,-0.047792009660289965,0.906797035,-0.5979252319999998,-0.3973658429286737,2.81241575434085,-0.02707876696069977,-0.009536474452603529,1.37944877173195,0.00825913712731019,0.006023336903134835,5.05373653152142,-0.08454874807028999,-0.016454662104126716,2.7596028003838904,-0.02910208683483928,-0.010435699728652105,0.7843604597712719,-0.016816342765085146,-0.020989552757703644
34,DEU2015,Germany,DEU,2015,0.84393513,-0.328756576,-0.2803435671267551,60.34000015,-0.02799987999999587,-0.0004638199043546232,4.624000072,-0.35699987499999963,-0.0716723306160677,0.234429945,-0.67236709,-0.7414747336486384,2.9630009654759104,0.15058521113506051,0.053543012231615617,1.4010865160185302,0.02163774428658005,0.01568579038960105,5.285310262888,0.23157373136658066,0.04582228019252632,2.7786429341528898,0.019040133768999386,0.00689959213200919,0.891880208985214,0.10751974921394214,0.13707951219939885
35,FRA2001,France,FRA,2001,1.215127417,-1.9509927240000005,-0.6162093152232028,54.98300171,-0.3489990199999937,-0.006307363106260677,9.109999657000001,-1.633000372999998,-0.1520059916633918,1.630257581,-0.06915384200000019,-0.04069281932795399,3.79647627825488,0.3512396836442901,0.10194936515934416,1.35249881392091,0.08893429284268994,0.07038365778646649,6.31295985620006,-0.09988957071765103,-0.015576472183857604,4.19686734315885,0.3759078623763994,0.09838048905439356,4.13121080592932,1.0201682790870799,0.32791846150768245
36,FRA2002,France,FRA,2002,0.385760676,-0.8293667409999999,-0.6825347937976779,55.16600037,0.18299865999999554,0.003328277000320901,9.168999672,0.05900001499999874,0.00647640145130679,1.916907283,0.2866497020000001,0.1758309271742009,3.47372643743252,-0.3227498408223601,-0.08501300078469554,1.43488449135716,0.08238567743624993,0.060913678140251275,5.99119507112818,-0.32176478507187944,-0.050968926209132966,3.39204894880565,-0.8048183943531999,-0.1917664602063497,3.03148926131465,-1.09972154461467,-0.2661983607896007
37,FRA2003,France,FRA,2003,0.10747347,-0.278287206,-0.7213985854794593,55.83100128,0.6650009100000034,0.012054542753504371,8.793999672,-0.375,-0.04089868179897127,2.1090737390000003,0.19216645600000026,0.10024817460094138,3.63457416954898,0.1608477321164603,0.0463040872715772,1.4740283440557098,0.03914385269854992,0.0272801420144464,6.023833665184847,0.032638594056669135,0.005447760199623009,3.94946349269544,0.5574145438897902,0.16432974650500176,3.03196849656296,0.00047923524831006153,0.00015808574829057062
38,FRA2004,France,FRA,2004,2.032366715,1.9248932450000005,17.910403795466923,55.68799973,-0.14300155000000106,-0.0025613287729308047,9.402000427,0.6080007550000008,0.06913813710226413,2.134874759,0.02580101999999984,0.012233341832909694,3.48167466195363,-0.15289950759534987,-0.04206806642614847,1.4808131513690002,0.006784807313290342,0.004602901525368353,6.00319921123046,-0.02063445395438901,-0.003425468746530491,3.78914786185844,-0.16031563083700018,-0.040591749014392775,2.62847682964387,-0.40349166691909,-0.13307910929037958
39,FRA2005,France,FRA,2005,0.844668773,-1.1876979420000002,-0.5843915535686187,55.76399994,0.07600020999999657,0.0013647502221030285,8.946000098999999,-0.4560003280000018,-0.04850035176455558,1.735587081,-0.3992876780000001,-0.18703096109817285,3.30669571669757,-0.17497894525605995,-0.050257121140053984,1.45009271916869,-0.030720432200310288,-0.020745650571721064,5.73979921410863,-0.2633999971218301,-0.04387660443269581,3.8222210903154097,0.033073228456969694,0.00872840798583896,2.26604173905621,-0.3624350905876601,-0.1378878773060237
40,FRA2006,France,FRA,2006,1.663680076,0.8190113029999999,0.9696242233403838,55.64799881,-0.1160011300000008,-0.002080215374162808,8.93599987,-0.010000228999999194,-0.0011178436048885354,1.68372645,-0.05186063100000005,-0.029880742699536226,3.1748304573995503,-0.13186525929801984,-0.03987825630043607,1.43270984134929,-0.017382877819399845,-0.011987425072629176,5.57046867526195,-0.1693305388466797,-0.029501125828663044,3.52878669667221,-0.2934343936431998,-0.07677064897859831,1.89792521642028,-0.36811652263593,-0.16244913599395916
41,FRA2007,France,FRA,2007,1.73013171,0.06645163400000009,0.039942555638323496,55.72100067,0.07300186000000508,0.001311850588720409,8.053999901000001,-0.8819999689999989,-0.0987018780026011,1.488073528,-0.19565292199999984,-0.11620232134501407,3.06557721016468,-0.10925324723487018,-0.034412309161339534,1.54552384112541,0.11281399977611994,0.07874169390075147,5.49749162064932,-0.07297705461263071,-0.013100702807416598,2.84634551344965,-0.6824411832225601,-0.19339258557796368,1.78351068947916,-0.11441452694112007,-0.06028400168312209
42,FRA2008,France,FRA,2008,-0.363092337,-2.093224047,-1.2098639860198852,55.75600052,0.03499984999999839,0.0006281267310197514,7.484000206,-0.5699996950000008,-0.07077225006288224,2.813915043,1.325841515,0.8909784967292287,2.8252010750489,-0.2403761351157803,-0.07841137855499236,1.55757490976879,0.012051068643380123,0.007797400675880084,5.0816311897456385,-0.4158604309036802,-0.07564548699658813,2.88836439478405,0.04201888133440024,0.014762396601484706,1.37828678223066,-0.4052239072485,-0.2272057631271265
43,FRA2009,France,FRA,2009,-3.4394122680000003,-3.0763199310000005,8.472555373703742,55.95800018,0.20199965999999847,0.0036229223422785672,9.147000313,1.6630001069999991,0.22220738391572392,0.088084169,-2.7258308739999997,-0.9686969337545844,3.0976008930988903,0.2723998180499905,0.09641785161973848,1.42234558305328,-0.13522932671551002,-0.08682043211365276,5.32501764943144,0.24338645968580064,0.04789534120007311,2.92865627352138,0.04029187873732987,0.013949721444458607,1.8828307855981297,0.50454400336747,0.3660660537939
44,FRA2010,France,FRA,2010,1.463151139,4.9025634070000015,-1.4254073152593638,55.875,-0.08300017999999909,-0.0014832585105438725,9.303999901000001,0.15699958800000147,0.017164051888887366,1.5296393819999998,1.4415552129999998,16.36565604654793,2.84400825998118,-0.2535926331177101,-0.08186743285188425,1.36362315667157,-0.0587224263817101,-0.041285625013615546,5.188251183033652,-0.13676646639778944,-0.02568375832752257,2.9846047766998,0.05594850317842015,0.019103813473866138,1.43133219216258,-0.4514985934355498,-0.2397977539400173
45,FRA2011,France,FRA,2011,1.586720162,0.12356902299999994,0.08445403875668922,55.69800186,-0.17699814000000202,-0.003167751946308805,9.248000145,-0.05599975600000029,-0.006018890433778013,2.117486809,0.587847427,0.3843045844121711,2.8290552440601897,-0.014953015920990518,-0.005257725911488542,1.40011538338195,0.03649222671038,0.026761225439624337,5.01903552995579,-0.16921565307786054,-0.032615162047516244,3.29473338655747,0.3101286098576699,0.10390943962791344,1.26952546893746,-0.16180672322512013,-0.11304624049616918
46,FRA2012,France,FRA,2012,-0.301002029,-1.887722191,-1.1897007652695346,55.875,0.17699814000000202,0.0031778184870059345,9.81499958,0.5669994349999996,0.06131049157763613,1.9556855,-0.1618013089999999,-0.07641195605672357,2.63755092770915,-0.1915043163510397,-0.06769196775252695,1.35104517516633,-0.049070208215620026,-0.03504726024586058,4.933331017896959,-0.08570451205883067,-0.01707589267844567,2.49494468912078,-0.7997886974366901,-0.24274762282733786,0.743012001572128,-0.526513467365332,-0.4147324967068222
47,FRA2013,France,FRA,2013,0.059969465,0.360971494,-1.199232759989136,55.67200089,-0.2029991100000004,-0.00363309369127518,10.35200024,0.5370006600000004,0.054712244827217926,0.86360693,-1.09207857,-0.5584121628963348,2.8394945213015497,0.20194359359239966,0.07656481301303186,1.37118963460464,0.020144459438310003,0.014910278211703654,5.1382852795917096,0.20495426169475006,0.041544802274816835,2.7887048872187297,0.29376019809794984,0.11774216854541608,0.801176802536357,0.05816480096422905,0.07828245148282797
48,FRA2014,France,FRA,2014,0.440219969,0.380250504,6.340735305876082,55.43299866,-0.23900222999999696,-0.004293041855496282,10.30500031,-0.04699993000000013,-0.0045401786041689976,0.507700673,-0.355906257,-0.4121160271374849,2.81241575434085,-0.02707876696069977,-0.009536474452603529,1.37944877173195,0.00825913712731019,0.006023336903134835,5.05373653152142,-0.08454874807028999,-0.016454662104126716,2.7596028003838904,-0.02910208683483928,-0.010435699728652105,0.7843604597712719,-0.016816342765085146,-0.020989552757703644
49,FRA2015,France,FRA,2015,0.62433474,0.184114771,0.4182335740430712,55.15800095,-0.2749977100000009,-0.004960902650904875,10.35900021,0.0539998999999991,0.005240164810824678,0.037803733,-0.46989694,-0.9255393285641754,2.9630009654759104,0.15058521113506051,0.053543012231615617,1.4010865160185302,0.02163774428658005,0.01568579038960105,5.285310262888,0.23157373136658066,0.04582228019252632,2.7786429341528898,0.019040133768999386,0.00689959213200919,0.891880208985214,0.10751974921394214,0.13707951219939885
50,ITA2001,Italy,ITA,2001,1.715039025,-1.948095158,-0.5318110286652309,48.05199814,0.17499924000000533,0.0036551839927461143,9.595000267,-1.246999743,-0.11501565595368413,2.7878162110000004,0.2684979090000006,0.1065756195979084,3.79647627825488,0.3512396836442901,0.10194936515934416,1.35249881392091,0.08893429284268994,0.07038365778646649,6.31295985620006,-0.09988957071765103,-0.015576472183857604,4.19686734315885,0.3759078623763994,0.09838048905439356,4.13121080592932,1.0201682790870799,0.32791846150768245
51,ITA2002,Italy,ITA,2002,0.099370852,-1.6156681730000002,-0.9420591306952912,48.48400116,0.43200301999999613,0.008990323747648299,9.208000183,-0.3870000840000003,-0.040333514667113324,2.461074837,-0.3267413740000005,-0.11720334099169227,3.47372643743252,-0.3227498408223601,-0.08501300078469554,1.43488449135716,0.08238567743624993,0.060913678140251275,5.99119507112818,-0.32176478507187944,-0.050968926209132966,3.39204894880565,-0.8048183943531999,-0.1917664602063497,3.03148926131465,-1.09972154461467,-0.2661983607896007
52,ITA2003,Italy,ITA,2003,-0.292868099,-0.392238951,-3.94722338699481,48.88100052,0.3969993600000024,0.00818825489855679,8.866000175,-0.3420000079999994,-0.03714161611675537,2.676470588,0.215395751,0.08752100820410758,3.63457416954898,0.1608477321164603,0.0463040872715772,1.4740283440557098,0.03914385269854992,0.0272801420144464,6.023833665184847,0.032638594056669135,0.005447760199623009,3.94946349269544,0.5574145438897902,0.16432974650500176,3.03196849656296,0.00047923524831006153,0.00015808574829057062
53,ITA2004,Italy,ITA,2004,0.92663808,1.219506179,-4.164011659733552,49.5,0.6189994799999994,0.012663396276979544,7.866000175,-1.0,-0.1127904331447862,2.21522009,-0.4612504980000001,-0.1723353509162493,3.48167466195363,-0.15289950759534987,-0.04206806642614847,1.4808131513690002,0.006784807313290342,0.004602901525368353,6.00319921123046,-0.02063445395438901,-0.003425468746530491,3.78914786185844,-0.16031563083700018,-0.040591749014392775,2.62847682964387,-0.40349166691909,-0.13307910929037958
54,ITA2005,Italy,ITA,2005,0.454825968,-0.4718121120000001,-0.5091654683563188,48.98899841,-0.5110015899999993,-0.010323264444444423,7.7300000189999984,-0.1360001560000006,-0.017289620261164096,1.999065857,-0.21615423299999992,-0.09757686560164767,3.30669571669757,-0.17497894525605995,-0.050257121140053984,1.45009271916869,-0.030720432200310288,-0.020745650571721064,5.73979921410863,-0.2633999971218301,-0.04387660443269581,3.8222210903154097,0.033073228456969694,0.00872840798583896,2.26604173905621,-0.3624350905876601,-0.1378878773060237
55,ITA2006,Italy,ITA,2006,1.70045723,1.245631262,2.7386986444010604,48.9679985,-0.020999910000000455,-0.0004286658368527485,6.77699995,-0.9530000689999988,-0.12328590771766712,2.06978661,0.07072075300000003,0.035376900041767856,3.1748304573995503,-0.13186525929801984,-0.03987825630043607,1.43270984134929,-0.017382877819399845,-0.011987425072629176,5.57046867526195,-0.1693305388466797,-0.029501125828663044,3.52878669667221,-0.2934343936431998,-0.07677064897859831,1.89792521642028,-0.36811652263593,-0.16244913599395916
56,ITA2007,Italy,ITA,2007,0.962787147,-0.7376700829999999,-0.4338069020412821,48.68099976,-0.28699874000000136,-0.005860944878112617,6.074999809,-0.702000141000001,-0.10358567894042857,1.821444594,-0.24834201599999986,-0.11998435722801393,3.06557721016468,-0.10925324723487018,-0.034412309161339534,1.54552384112541,0.11281399977611994,0.07874169390075147,5.49749162064932,-0.07297705461263071,-0.013100702807416598,2.84634551344965,-0.6824411832225601,-0.19339258557796368,1.78351068947916,-0.11441452694112007,-0.06028400168312209
57,ITA2008,Italy,ITA,2008,-1.703749434,-2.666536581,-2.769601348863873,48.98400116,0.3030013999999994,0.006224223033499897,6.72300005,0.6480002410000001,0.10666670969108516,3.375044061,1.553599467,0.8529490669755722,2.8252010750489,-0.2403761351157803,-0.07841137855499236,1.55757490976879,0.012051068643380123,0.007797400675880084,5.0816311897456385,-0.4158604309036802,-0.07564548699658813,2.88836439478405,0.04201888133440024,0.014762396601484706,1.37828678223066,-0.4052239072485,-0.2272057631271265
58,ITA2009,Italy,ITA,2009,-5.911710901,-4.2079614670000005,2.4698241320149426,48.31600189,-0.6679992699999957,-0.01363709076802566,7.749000072,1.0260000220000007,0.15261044390442935,0.7501491770000001,-2.624894884,-0.7777364788601496,3.0976008930988903,0.2723998180499905,0.09641785161973848,1.42234558305328,-0.13522932671551002,-0.08682043211365276,5.32501764943144,0.24338645968580064,0.04789534120007311,2.92865627352138,0.04029187873732987,0.013949721444458607,1.8828307855981297,0.50454400336747,0.3660660537939
59,ITA2010,Italy,ITA,2010,1.374225006,7.285935907000001,-1.2324580868404005,48.02099991,-0.2950019800000021,-0.006105678625305644,8.362000465,0.6130003929999992,0.07910703152720266,1.539893392,0.7897442149999999,1.0527828853433507,2.84400825998118,-0.2535926331177101,-0.08186743285188425,1.36362315667157,-0.0587224263817101,-0.041285625013615546,5.188251183033652,-0.13676646639778944,-0.02568375832752257,2.9846047766998,0.05594850317842015,0.019103813473866138,1.43133219216258,-0.4514985934355498,-0.2397977539400173
60,ITA2011,Italy,ITA,2011,0.40380335,-0.970421656,-0.7061592182961629,47.8730011,-0.14799880999999715,-0.0030819601898621762,8.359000206000001,-0.0030002589999984512,-0.000358796798990424,2.741438213,1.201544821,0.7802779252396455,2.8290552440601897,-0.014953015920990518,-0.005257725911488542,1.40011538338195,0.03649222671038,0.026761225439624337,5.01903552995579,-0.16921565307786054,-0.032615162047516244,3.29473338655747,0.3101286098576699,0.10390943962791344,1.26952546893746,-0.16180672322512013,-0.11304624049616918
61,ITA2012,Italy,ITA,2012,-3.080609243,-3.484412593,-8.628983868013973,48.70899963,0.8359985299999977,0.017462839404066566,10.65499973,2.295999523999999,0.27467394035377035,3.04136253,0.2999243169999999,0.1094040039194566,2.63755092770915,-0.1915043163510397,-0.06769196775252695,1.35104517516633,-0.049070208215620026,-0.03504726024586058,4.933331017896959,-0.08570451205883067,-0.01707589267844567,2.49494468912078,-0.7997886974366901,-0.24274762282733786,0.743012001572128,-0.526513467365332,-0.4147324967068222
62,ITA2013,Italy,ITA,2013,-2.860797015,0.2198122279999999,-0.07135349233255539,48.27899933,-0.4300003000000032,-0.008827943568259333,12.14900017,1.4940004400000009,0.14021590594634392,1.219992129,-1.821370401,-0.5988665879302458,2.8394945213015497,0.20194359359239966,0.07656481301303186,1.37118963460464,0.020144459438310003,0.014910278211703654,5.1382852795917096,0.20495426169475006,0.041544802274816835,2.7887048872187297,0.29376019809794984,0.11774216854541608,0.801176802536357,0.05816480096422905,0.07828245148282797
63,ITA2014,Italy,ITA,2014,-0.800674505,2.06012251,-0.720121874847524,48.48500061,0.2060012800000024,0.004266892082661622,12.68299961,0.5339994399999988,0.04395418820707775,0.241057543,-0.978934586,-0.8024105752242932,2.81241575434085,-0.02707876696069977,-0.009536474452603529,1.37944877173195,0.00825913712731019,0.006023336903134835,5.05373653152142,-0.08454874807028999,-0.016454662104126716,2.7596028003838904,-0.02910208683483928,-0.010435699728652105,0.7843604597712719,-0.016816342765085146,-0.020989552757703644
64,ITA2015,Italy,ITA,2015,0.880421769,1.6810962740000002,-2.099600104039781,48.37900162,-0.10599899000000336,-0.00218622230929999,11.89599991,-0.7869996999999991,-0.062051543341488664,0.03878675,-0.202270793,-0.8390975469288675,2.9630009654759104,0.15058521113506051,0.053543012231615617,1.4010865160185302,0.02163774428658005,0.01568579038960105,5.285310262888,0.23157373136658066,0.04582228019252632,2.7786429341528898,0.019040133768999386,0.00689959213200919,0.891880208985214,0.10751974921394214,0.13707951219939885
65,GBR2001,United Kingdom,GBR,2001,2.3313967680000003,-1.04354544,-0.3092039435597944,61.49100113,-0.4059982300000016,-0.006559255443687517,4.696000099,-0.8659996989999996,-0.15569934024654195,1.23589468,0.4506252509999998,0.5738479486892132,3.79647627825488,0.3512396836442901,0.10194936515934416,1.35249881392091,0.08893429284268994,0.07038365778646649,6.31295985620006,-0.09988957071765103,-0.015576472183857604,4.19686734315885,0.3759078623763994,0.09838048905439356,4.13121080592932,1.0201682790870799,0.32791846150768245
66,GBR2002,United Kingdom,GBR,2002,1.964679023,-0.3667177450000001,-0.15729529612181406,61.67200089,0.18099975999999884,0.002943516232844168,5.037000179,0.3410000799999997,0.0726150069870346,1.256192498,0.020297817999999967,0.01642358230719143,3.47372643743252,-0.3227498408223601,-0.08501300078469554,1.43488449135716,0.08238567743624993,0.060913678140251275,5.99119507112818,-0.32176478507187944,-0.050968926209132966,3.39204894880565,-0.8048183943531999,-0.1917664602063497,3.03148926131465,-1.09972154461467,-0.2661983607896007
67,GBR2003,United Kingdom,GBR,2003,2.985577498,1.020898475,0.5196260880523484,61.83399963,0.16199874000000136,0.002626779375764832,4.80700016,-0.2300000189999993,-0.04566210260601211,1.362921545,0.1067290470000002,0.08496233433166077,3.63457416954898,0.1608477321164603,0.0463040872715772,1.4740283440557098,0.03914385269854992,0.0272801420144464,6.023833665184847,0.032638594056669135,0.005447760199623009,3.94946349269544,0.5574145438897902,0.16432974650500176,3.03196849656296,0.00047923524831006153,0.00015808574829057062
68,GBR2004,United Kingdom,GBR,2004,1.946208096,-1.0393694020000002,-0.3481301030357645,61.81700134,-0.01699829000000364,-0.0002749019973108391,4.5939998630000005,-0.21300029699999976,-0.04431044100485315,1.3445957590000002,-0.0183257859999999,-0.013445958109056022,3.48167466195363,-0.15289950759534987,-0.04206806642614847,1.4808131513690002,0.006784807313290342,0.004602901525368353,6.00319921123046,-0.02063445395438901,-0.003425468746530491,3.78914786185844,-0.16031563083700018,-0.040591749014392775,2.62847682964387,-0.40349166691909,-0.13307910929037958
69,GBR2005,United Kingdom,GBR,2005,2.267499433,0.32129133700000034,0.16508580848078047,61.87599945,0.05899811000000455,0.0009543994163596636,4.75,0.15600013699999948,0.033957366489368424,2.049668311,0.7050725519999999,0.5243751122079805,3.30669571669757,-0.17497894525605995,-0.050257121140053984,1.45009271916869,-0.030720432200310288,-0.020745650571721064,5.73979921410863,-0.2633999971218301,-0.04387660443269581,3.8222210903154097,0.033073228456969694,0.00872840798583896,2.26604173905621,-0.3624350905876601,-0.1378878773060237
70,GBR2006,United Kingdom,GBR,2006,1.752323879,-0.5151755540000003,-0.2271998601200974,62.37099838,0.4949989300000013,0.007999853487619113,5.349999905,0.5999999049999998,0.12631576947368406,2.333527794,0.2838594830000001,0.1384904481747633,3.1748304573995503,-0.13186525929801984,-0.03987825630043607,1.43270984134929,-0.017382877819399845,-0.011987425072629176,5.57046867526195,-0.1693305388466797,-0.029501125828663044,3.52878669667221,-0.2934343936431998,-0.07677064897859831,1.89792521642028,-0.36811652263593,-0.16244913599395916
71,GBR2007,United Kingdom,GBR,2007,1.760352735,0.00802885599999992,0.004581833356389398,62.17100143,-0.19999695000000628,-0.0032065696428572603,5.262000083999999,-0.08799982100000038,-0.0164485649649746,2.321035915,-0.01249187900000015,-0.00535321628999641,3.06557721016468,-0.10925324723487018,-0.034412309161339534,1.54552384112541,0.11281399977611994,0.07874169390075147,5.49749162064932,-0.07297705461263071,-0.013100702807416598,2.84634551344965,-0.6824411832225601,-0.19339258557796368,1.78351068947916,-0.11441452694112007,-0.06028400168312209
72,GBR2008,United Kingdom,GBR,2008,-1.406231896,-3.166584631,-1.798835294791075,62.47200012,0.3009986900000001,0.004841464397817408,5.614999771,0.3529996870000005,0.06708469809290872,3.613498886,1.2924629710000004,0.5568474673947474,2.8252010750489,-0.2403761351157803,-0.07841137855499236,1.55757490976879,0.012051068643380123,0.007797400675880084,5.0816311897456385,-0.4158604309036802,-0.07564548699658813,2.88836439478405,0.04201888133440024,0.014762396601484706,1.37828678223066,-0.4052239072485,-0.2272057631271265
73,GBR2009,United Kingdom,GBR,2009,-5.048663909,-3.642432013,2.5902072221237686,62.29399872,-0.17800139999999942,-0.002849298880427731,7.537000179,1.922000408,0.34229750425398553,2.166231372,-1.4472675140000004,-0.4005169393042398,3.0976008930988903,0.2723998180499905,0.09641785161973848,1.42234558305328,-0.13522932671551002,-0.08682043211365276,5.32501764943144,0.24338645968580064,0.04789534120007311,2.92865627352138,0.04029187873732987,0.013949721444458607,1.8828307855981297,0.50454400336747,0.3660660537939
74,GBR2010,United Kingdom,GBR,2010,1.119383533,6.168047442000001,-1.2217187662273439,62.06100082,-0.2329979000000009,-0.0037402944872311217,7.787000179,0.25,0.03316969537781933,3.285714286,1.1194829140000002,0.5167882473082384,2.84400825998118,-0.2535926331177101,-0.08186743285188425,1.36362315667157,-0.0587224263817101,-0.041285625013615546,5.188251183033652,-0.13676646639778944,-0.02568375832752257,2.9846047766998,0.05594850317842015,0.019103813473866138,1.43133219216258,-0.4514985934355498,-0.2397977539400173
75,GBR2011,United Kingdom,GBR,2011,0.718681635,-0.4007018979999999,-0.35796658266546066,62.03900146,-0.02199935999999525,-0.0003544796202014089,8.036999702000001,0.2499995230000014,0.032104728040741604,4.484239645,1.1985253589999996,0.36476858749002,2.8290552440601897,-0.014953015920990518,-0.005257725911488542,1.40011538338195,0.03649222671038,0.026761225439624337,5.01903552995579,-0.16921565307786054,-0.032615162047516244,3.29473338655747,0.3101286098576699,0.10390943962791344,1.26952546893746,-0.16180672322512013,-0.11304624049616918
76,GBR2012,United Kingdom,GBR,2012,0.611016523,-0.10766511200000006,-0.14980918776364738,62.24399948,0.2049980199999979,0.003304341062487559,7.8860001560000015,-0.15099954600000046,-0.01878804922220223,2.821709747,-1.6625298979999998,-0.3707495650580913,2.63755092770915,-0.1915043163510397,-0.06769196775252695,1.35104517516633,-0.049070208215620026,-0.03504726024586058,4.933331017896959,-0.08570451205883067,-0.01707589267844567,2.49494468912078,-0.7997886974366901,-0.24274762282733786,0.743012001572128,-0.526513467365332,-0.4147324967068222
77,GBR2013,United Kingdom,GBR,2013,1.23102841,0.620011887,1.0147219652192612,62.5379982,0.2939987200000047,0.0047233263038386495,7.526000023,-0.3600001330000007,-0.045650535870976006,2.554546687,-0.2671630600000001,-0.0946812691433071,2.8394945213015497,0.20194359359239966,0.07656481301303186,1.37118963460464,0.020144459438310003,0.014910278211703654,5.1382852795917096,0.20495426169475006,0.041544802274816835,2.7887048872187297,0.29376019809794984,0.11774216854541608,0.801176802536357,0.05816480096422905,0.07828245148282797
78,GBR2014,United Kingdom,GBR,2014,2.296920297,1.0658918869999998,0.8658548237729136,62.71500015,0.17700194999999752,0.002830310452757612,6.111000061,-1.4149999619999996,-0.18801487611953996,1.460191609,-1.0943550779999998,-0.4283950195818049,2.81241575434085,-0.02707876696069977,-0.009536474452603529,1.37944877173195,0.00825913712731019,0.006023336903134835,5.05373653152142,-0.08454874807028999,-0.016454662104126716,2.7596028003838904,-0.02910208683483928,-0.010435699728652105,0.7843604597712719,-0.016816342765085146,-0.020989552757703644
79,GBR2015,United Kingdom,GBR,2015,1.3850383730000002,-0.9118819239999996,-0.39700198791878216,62.68299866,-0.03200148999999897,-0.0005102685150834008,5.301000118,-0.8099999430000002,-0.13254785385609247,0.050020842,-1.4101707669999999,-0.9657436450862388,2.9630009654759104,0.15058521113506051,0.053543012231615617,1.4010865160185302,0.02163774428658005,0.01568579038960105,5.285310262888,0.23157373136658066,0.04582228019252632,2.7786429341528898,0.019040133768999386,0.00689959213200919,0.891880208985214,0.10751974921394214,0.13707951219939885
80,USA1997,United States,USA,1997,3.236586683,0.6412814349999998,0.2470928749110284,66.27899933,0.319999700000011,0.004851494137192214,4.900000095,-0.5,-0.09259259096364893,2.337689937,-0.5935142630000003,-0.20248137710774305,3.67260292080788,-0.4366325661684902,-0.10625639916532748,2.62881517447835,-0.2311714616837799,-0.08082956009682385,5.44179787589188,-0.30643564199507,-0.053309532579274184,3.3257179290068,-0.09749972749698001,-0.028481895479751333,1.5463855848498502,-1.7786612184742596,-0.5349281750548893
81,USA1998,United States,USA,1998,3.2393924810000003,0.002805798000000248,0.0008669003103600748,66.35199738,0.07299804999999537,0.001101375258195203,4.5,-0.4000000950000002,-0.08163267086630542,1.5522790990000002,-0.7854108379999998,-0.33597733624499915,3.60482778049484,-0.06777514031304044,-0.018454252140640226,2.01413383201134,-0.6146813424670099,-0.2338244804863409,5.3275770990812,-0.1142207768106802,-0.020989529456192813,3.3186951022197504,-0.007022826787049574,-0.002111672407872245,2.6835566024155497,1.1371710175656995,0.735373524369807
82,USA1999,United States,USA,1999,3.489933532,0.25054105099999946,0.07734198695264527,66.41899872,0.06700134000000446,0.0010097863311677724,4.199999809,-0.3000001910000005,-0.06666670911111128,2.188027197,0.6357480979999997,0.4095578549048025,3.8864262993544094,0.28159851885957066,0.07811705191112206,1.87699645792795,-0.13713737408338988,-0.06808751826905303,6.27636205936754,0.94878496028634,0.17808939085085584,2.9757115612261003,-0.3429835409936501,-0.1033489158929488,2.7141923021471297,0.030635699731579983,0.011416081070920514
83,USA2000,United States,USA,2000,2.940291775,-0.5496417569999998,-0.15749347429118887,66.44000244,0.02100371999999595,0.00031623060276086967,4.0,-0.19999980899999947,-0.04761900430838795,3.3768572710000004,1.1888300740000006,0.5433342307764746,3.39658292723082,-0.4898433721235902,-0.12603953719769756,1.59027896584842,-0.2867174920795301,-0.1527533474389412,5.32072694780467,-0.95563511156287,-0.15225939844190062,3.1244229105581898,0.14871134933208952,0.049975055132969626,2.41880148418445,-0.29539081796267963,-0.10883194154261044
84,USA2001,United States,USA,2001,-0.018489778,-2.958781553,-1.0062884160535397,66.06500244,-0.375,-0.005644190039557184,4.699999809,0.6999998089999995,0.17499995224999987,2.826171119,-0.5506861520000008,-0.16307652583638044,3.45538982880809,0.058806901577269866,0.017313548009032287,1.80984227420801,0.21956330835959004,0.13806590735006807,5.00328591752582,-0.3174410302788502,-0.059661214227470616,3.15284413643445,0.02842122587626017,0.009096472113367948,2.85623906785738,0.4374375836729301,0.18084889832140205
85,USA2002,United States,USA,2002,0.8461259529999999,0.8646157309999999,-46.761823262561606,65.70500183,-0.36000061000000017,-0.0054491878710963846,5.8000001910000005,1.1000003820000008,0.2340426439791801,1.586031627,-1.2401394919999995,-0.4388055215987082,3.32622590740927,-0.12916392139882005,-0.0373804195179257,1.82830236388742,0.01846008967941004,0.01019983340122188,4.5781063997445,-0.42517951778132,-0.08498005606515012,3.20217698786172,0.049332851427270175,0.015647094906207748,2.90189729216613,0.045658224308749766,0.015985435120807526
86,USA2003,United States,USA,2003,1.926956876,1.0808309230000002,1.2773877448952329,65.31700134,-0.388000489999996,-0.005905189547119716,6.0,0.19999980899999947,0.03448272455410328,2.270094973,0.6840633460000001,0.4313049843110097,3.20192217264678,-0.1243037347624898,-0.037370803494013886,1.8096727226993,-0.018629641188119942,-0.010189584368588078,4.4328833547977,-0.14522304494679972,-0.03172120354278018,2.79129168529731,-0.4108853025644099,-0.12831436367256574,2.67897990123554,-0.22291739093059,-0.07681780865655398
87,USA2004,United States,USA,2004,2.829653489,0.9026966129999996,0.468457091200623,65.0510025,-0.26599884000000884,-0.004072428840010356,5.5,-0.5,-0.08333333333333337,2.677236693,0.40714172000000026,0.17935008219587845,2.9944209548022203,-0.20750121784455988,-0.06480520345472196,1.65278184928224,-0.1568908734170602,-0.08669571655091446,4.36542975962848,-0.06745359516922013,-0.015216641127318463,2.2603400521105,-0.53095163318681,-0.19021718009031952,2.60933223208619,-0.06964766914934993,-0.025997831905057767
88,USA2005,United States,USA,2005,2.397046016,-0.4326074729999996,-0.15288355082405625,65.09200287,0.041000370000006114,0.0006302803711595306,5.099999905,-0.4000000950000002,-0.07272729,3.392746845,0.7155101519999998,0.2672569645675329,2.96046253144767,-0.03395842335455024,-0.011340564291767441,1.5958508238167,-0.056931025465539964,-0.0344455776122321,4.36835470005745,0.0029249404289704017,0.0006700234776471081,2.11872290667721,-0.14161714543328996,-0.06265302661033711,2.48722812002525,-0.12210411206093985,-0.04679515722814498
89,USA2006,United States,USA,2006,1.681416459,-0.7156295570000001,-0.2985464410041596,65.23600006,0.14399718999999322,0.00221221015871298,4.599999905,-0.5,-0.09803921751249522,3.225944101,-0.16680274399999995,-0.04916451230242025,2.90835812993504,-0.05210440151263018,-0.017600088148101326,1.5546399081071,-0.04121091570959989,-0.0258237894761606,4.35212654819111,-0.016228151866340745,-0.0037149345647521366,2.03794836514101,-0.08077454153620023,-0.03812416493050464,2.2320466906720497,-0.25518142935320043,-0.10259671290247784
90,USA2007,United States,USA,2007,0.815188221,-0.8662282379999999,-0.5151776844834608,65.08899689,-0.14700316999999075,-0.0022534056328528122,4.599999905,0.0,0.0,2.852672482,-0.3732716190000001,-0.1157092644241079,2.42205706999427,-0.4863010599407698,-0.1672081078789398,0.301565201134378,-1.2530747069727222,-0.8060224753257763,4.60926314857188,0.25713660038077,0.059082978753833386,1.66901172946518,-0.3689366356758299,-0.1810333578546296,2.4963999583434,0.2643532676713498,0.11843536641778553
91,USA2008,United States,USA,2008,-1.230282169,-2.04547039,-2.5092001298679216,65.08799744,-0.0009994500000090056,-1.535512986472476e-05,5.8000001910000005,1.2000002860000007,0.2608696327788296,3.839100297,0.986427815,0.3457907703124821,2.75580905854958,0.33375198855531,0.1377969134955601,1.24565449138964,0.9440892902552621,3.1306307448735566,4.2862891553503,-0.3229739932215798,-0.07007063446174666,1.97466199407745,0.3056502646122701,0.18313248446145614,2.07340938655625,-0.4229905717871496,-0.16944022546284787
92,USA2009,United States,USA,2009,-3.624124115,-2.393841946,1.9457665942974416,64.42900085,-0.658996590000001,-0.01012470218656647,9.300000191,3.5,0.6034482559898935,-0.355546266,-4.194646563,-1.0926118721820932,2.8181785064741405,0.06236944792456045,0.02263199176701547,1.12574326191081,-0.11991122947882984,-0.0962636351473819,4.38080082281323,0.09451166746293004,0.02204976473529729,2.33133166848934,0.3566696744118898,0.18062315245932686,2.446092551219,0.37268316466275,0.17974412920052596
93,USA2010,United States,USA,2010,1.6778981430000002,5.302022258,-1.4629803201428162,63.68399811,-0.7450027399999968,-0.011563158363024573,9.600000381000001,0.30000019000000044,0.032258084283731885,1.640043442,1.995589708,-5.612742697176857,2.8129270797535004,-0.005251426720640051,-0.001863411671253589,1.19380345767486,0.06806019576404987,0.06045800855918615,4.4140326005488,0.03323177773556996,0.00758577691149842,2.28321632058656,-0.04811534790278005,-0.020638568314030548,2.04651504852559,-0.39957750269340986,-0.16335338681043854
94,USA2011,United States,USA,2011,0.846716825,-0.8311813180000002,-0.4953705452667636,63.08000183,-0.6039962799999969,-0.009484270741870304,8.899999618999999,-0.7000007620000019,-0.07291674314778362,3.156841569,1.5167981269999995,0.924852408269317,2.80863820254766,-0.004288877205840702,-0.0015247025906610645,1.21076423190524,0.016960774230380116,0.014207342189655138,4.60263926524584,0.1886066646970405,0.04272887895608002,2.04488286311347,-0.23833345747309,-0.10438496577138257,1.89438085870528,-0.1521341898203099,-0.07433817304686563
95,USA2012,United States,USA,2012,1.463850946,0.617134121,0.7288553891674467,62.95800018,-0.1220016500000014,-0.0019340780986151214,8.100000381000001,-0.7999992379999981,-0.08988755867945597,2.069337265,-1.0875043039999994,-0.34449125185097296,2.78979219986552,-0.01884600268213976,-0.006710014363916605,1.2915709391811,0.08080670727586002,0.0667402497914098,4.4496947956132695,-0.1529444696325708,-0.033229732077297965,1.75216270398908,-0.29272015912438976,-0.14314764156158255,2.4952759565219904,0.6008950978167102,0.3171986747308002
96,USA2013,United States,USA,2013,0.967810662,-0.496040284,-0.3388598308833555,62.55599976,-0.40200042000000025,-0.006385215839935565,7.400000095,-0.7000002860000007,-0.0864197843301312,1.464832656,-0.6045046090000001,-0.2921247392700871,2.8074518795111603,0.017659679645640303,0.006330105749988046,1.33660981959236,0.04503888041126003,0.034871395015914734,4.46283332531125,0.01313852969798024,0.0029526810942028803,1.7548708197709295,0.002708115781849596,0.0015455846512908431,2.7500267568997203,0.2547508003777299,0.10209323730783317
97,USA2014,United States,USA,2014,1.612537597,0.644726935,0.6661705231348236,62.23199844,-0.3240013200000007,-0.0051793804150369604,6.199999809,-1.2000002860000007,-0.16216219872899884,1.6222229769999998,0.15739032099999986,0.10744593954491943,2.77612530184629,-0.031326577664870126,-0.011158366735861793,1.42378530335994,0.08717548376758,0.06522134020694748,4.3891578938432,-0.07367543146804945,-0.01650866749833435,1.6944660826946398,-0.06040473707628991,-0.034421187243956035,2.7240870387632,-0.025939718136520185,-0.009432533000429344
98,USA2015,United States,USA,2015,1.850196165,0.2376585680000001,0.14738172210195002,62.11899948,-0.11299895999999875,-0.0018157694246143663,5.3000001910000005,-0.8999996179999991,-0.1451612331815798,0.118627136,-1.503595841,-0.9268737173114272,2.78892635962565,0.012801057779360027,0.0046111239182347035,1.4382877517964,0.01450244843645976,0.010185839397440107,4.331368489171431,-0.057789404671769525,-0.013166399129279973,1.75777823171624,0.0633121490216002,0.03736406982010365,2.9364784287945302,0.21239139003133006,0.07796791622626009
99,USA2016,United States,USA,2016,0.914094448,-0.936101717,-0.5059472799199105,61.98300171,-0.1359977699999959,-0.0021893103742565145,4.906000137,-0.39400005400000093,-0.07433963015115698,1.2615832059999998,1.14295607,9.634861875110936,2.79724407104645,0.008317711420799956,0.002982406255400916,1.4394024499733702,0.0011146981769702966,0.000775017499508035,4.34648859866579,0.015120109494358937,0.003490838872785673,1.7594313490129798,0.0016531172967397814,0.0009404583962366877,2.93609927719302,-0.0003791516015101415,-0.0001291177887745576
100,JPN1997,Japan,JPN,1997,0.835962164,-2.003260406,-0.7055665262621521,63.73300171,0.17500305000000085,0.002753438649573781,3.400000095,0.0,0.0,1.761461849,1.629590094,12.357385355188455,4.82173550953202,-2.236782698134051,-0.3168912556894363,0.0451224225043382,0.016948075843400797,0.6015428164976271,5.91779948951087,-4.8031305015622285,-0.4480143518856675,3.81831034966888,-0.8297864736882303,-0.17852177035522965,10.195046334014302,-1.355955014156498,-0.11738852531354138
101,JPN1997,Japan,JPN,1997,0.835962164,-2.003260406,-0.7055665262621521,63.73300171,0.17500305000000085,0.002753438649573781,3.400000095,0.0,0.0,1.761461849,1.629590094,12.357385355188455,4.82173550953202,-2.236782698134051,-0.3168912556894363,0.0451224225043382,0.016948075843400797,0.6015428164976271,5.91779948951087,-4.8031305015622285,-0.4480143518856675,3.81831034966888,-0.8297864736882303,-0.17852177035522965,10.195046334014302,-1.355955014156498,-0.11738852531354138
102,JPN1998,Japan,JPN,1998,-1.397054141,-2.233016305,-2.671193029018476,63.38499832,-0.3480033900000024,-0.005460332648123178,4.099999905,0.6999998099999996,0.20588229130622995,0.663269433,-1.0981924159999998,-0.6234551242897797,4.7021738015482315,-0.11956170798378896,-0.024796405308302183,0.0410809180998725,-0.0040415044044656975,-0.0895675404856009,6.079835875876943,0.1620363863660712,0.02738118901346298,3.438524563725,-0.3797857859438798,-0.09946435757292872,10.0989398314966,-0.0961065025177028,-0.009426784280230029
103,JPN1998,Japan,JPN,1998,-1.397054141,-2.233016305,-2.671193029018476,63.38499832,-0.3480033900000024,-0.005460332648123178,4.099999905,0.6999998099999996,0.20588229130622995,0.663269433,-1.0981924159999998,-0.6234551242897797,4.7021738015482315,-0.11956170798378896,-0.024796405308302183,0.0410809180998725,-0.0040415044044656975,-0.0895675404856009,6.079835875876943,0.1620363863660712,0.02738118901346298,3.438524563725,-0.3797857859438798,-0.09946435757292872,10.0989398314966,-0.0961065025177028,-0.009426784280230029
104,JPN1999,Japan,JPN,1999,-0.433936441,0.9631177,-0.6893918222171462,62.87099838,-0.5139999399999979,-0.008109173363152311,4.699999809,0.5999999039999997,0.14634144339083832,-0.329449578,-0.992719011,-1.4967055039908643,4.92804388252124,0.2258700809730092,0.048035247208140015,0.0425035290887179,0.0014226109888453992,0.03462948382474962,6.19690825287334,0.11707237699639884,0.0192558449580702,3.30299106349183,-0.13553350023317012,-0.03941617915515039,11.7481485026994,1.6492086712028016,0.16330512892642912
105,JPN1999,Japan,JPN,1999,-0.433936441,0.9631177,-0.6893918222171462,62.87099838,-0.5139999399999979,-0.008109173363152311,4.699999809,0.5999999039999997,0.14634144339083832,-0.329449578,-0.992719011,-1.4967055039908643,4.92804388252124,0.2258700809730092,0.048035247208140015,0.0425035290887179,0.0014226109888453992,0.03462948382474962,6.19690825287334,0.11707237699639884,0.0192558449580702,3.30299106349183,-0.13553350023317012,-0.03941617915515039,11.7481485026994,1.6492086712028016,0.16330512892642912
106,JPN2000,Japan,JPN,2000,2.607761186,3.041697627,-7.009546421108245,62.4280014,-0.44299698000000376,-0.007046126058353308,4.699999809,0.0,0.0,-0.653015156,-0.323565578,0.9821399073092758,4.9975620221913095,0.0695181396700697,0.01410663973927595,0.0286233948408055,-0.013880134247912398,-0.3265642770260394,5.63581216944509,-0.5610960834282492,-0.09054452003030444,3.23554574714076,-0.06744531635106997,-0.020419466796791408,14.831437312532804,3.0832888098334017,0.2624489134713395
107,JPN2000,Japan,JPN,2000,2.607761186,3.041697627,-7.009546421108245,62.4280014,-0.44299698000000376,-0.007046126058353308,4.699999809,0.0,0.0,-0.653015156,-0.323565578,0.9821399073092758,4.9975620221913095,0.0695181396700697,0.01410663973927595,0.0286233948408055,-0.013880134247912398,-0.3265642770260394,5.63581216944509,-0.5610960834282492,-0.09054452003030444,3.23554574714076,-0.06744531635106997,-0.020419466796791408,14.831437312532804,3.0832888098334017,0.2624489134713395
108,JPN2001,Japan,JPN,2001,0.164609225,-2.443151961,-0.9368771857316844,62.06700134,-0.3610000600000021,-0.005782662457619603,5.0,0.3000001910000005,0.0638298304662761,-0.7400555040000001,-0.08704034800000005,0.13328993546361126,6.05368535079529,1.0561233286039808,0.21132770817337376,0.0372104253056117,0.0085870304648062,0.30000041967644364,5.547449032916501,-0.08836313652858951,-0.015678864708738142,4.68703785315317,1.4514921060124095,0.4486081234657515,19.274484267589106,4.4430469550563,0.29956954686393433
109,JPN2001,Japan,JPN,2001,0.164609225,-2.443151961,-0.9368771857316844,62.06700134,-0.3610000600000021,-0.005782662457619603,5.0,0.3000001910000005,0.0638298304662761,-0.7400555040000001,-0.08704034800000005,0.13328993546361126,6.05368535079529,1.0561233286039808,0.21132770817337376,0.0372104253056117,0.0085870304648062,0.30000041967644364,5.547449032916501,-0.08836313652858951,-0.015678864708738142,4.68703785315317,1.4514921060124095,0.4486081234657515,19.274484267589106,4.4430469550563,0.29956954686393433
110,JPN2002,Japan,JPN,2002,-0.114430565,-0.27903979,-1.6951649581000092,61.38299942,-0.68400192,-0.011020379674105296,5.400000095,0.4000000950000002,0.08000001900000009,-0.923494027,-0.183438523,0.24787130425828166,5.83433816763501,-0.21934718316028068,-0.03623366105928584,0.00798929723640318,-0.02922112806920852,-0.7852941166141868,5.66407087413238,0.1166218412158786,0.02102260706207271,4.14076854386633,-0.5462693092868394,-0.11654894336288335,18.270643594252398,-1.003840673336704,-0.05208132468813742
111,JPN2002,Japan,JPN,2002,-0.114430565,-0.27903979,-1.6951649581000092,61.38299942,-0.68400192,-0.011020379674105296,5.400000095,0.4000000950000002,0.08000001900000009,-0.923494027,-0.183438523,0.24787130425828166,5.83433816763501,-0.21934718316028068,-0.03623366105928584,0.00798929723640318,-0.02922112806920852,-0.7852941166141868,5.66407087413238,0.1166218412158786,0.02102260706207271,4.14076854386633,-0.5462693092868394,-0.11654894336288335,18.270643594252398,-1.003840673336704,-0.05208132468813742
112,JPN2003,Japan,JPN,2003,1.3112232,1.425653765,-12.458679767944867,61.02700043,-0.35599898999999624,-0.0057996349700044645,5.3000001910000005,-0.0999999039999997,-0.018518500414952288,-0.25654181600000003,0.666952211,-0.7222052243982733,5.56637880215636,-0.2679593654786494,-0.045927979794710534,0.007915350508769441,-7.394672763373808e-05,-0.009255723682027985,5.344499803596482,-0.3195710705358987,-0.056420740071486224,3.11090674091775,-1.02986180294858,-0.2487127189164199,19.288854252059604,1.018210657807206,0.055729326257971216
113,JPN2003,Japan,JPN,2003,1.3112232,1.425653765,-12.458679767944867,61.02700043,-0.35599898999999624,-0.0057996349700044645,5.3000001910000005,-0.0999999039999997,-0.018518500414952288,-0.25654181600000003,0.666952211,-0.7222052243982733,5.56637880215636,-0.2679593654786494,-0.045927979794710534,0.007915350508769441,-7.394672763373808e-05,-0.009255723682027985,5.344499803596482,-0.3195710705358987,-0.056420740071486224,3.11090674091775,-1.02986180294858,-0.2487127189164199,19.288854252059604,1.018210657807206,0.055729326257971216
114,JPN2004,Japan,JPN,2004,2.170331694,0.8591084940000002,0.6551962274615033,60.55199814,-0.4750022899999991,-0.007783477586201237,4.699999809,-0.600000382000001,-0.11320761516553712,-0.008573388000000001,0.247968428,-0.9665809335348275,4.264463158152172,-1.3019156440041897,-0.23388915671708155,0.007576476895972291,-0.00033887361279715065,-0.0428122055266803,5.45329695928907,0.10879715569258952,0.020356845297173853,2.91802516031397,-0.1928815806037796,-0.06200172382759295,10.9405978641018,-8.348256387957804,-0.4328020876131823
115,JPN2004,Japan,JPN,2004,2.170331694,0.8591084940000002,0.6551962274615033,60.55199814,-0.4750022899999991,-0.007783477586201237,4.699999809,-0.600000382000001,-0.11320761516553712,-0.008573388000000001,0.247968428,-0.9665809335348275,4.264463158152172,-1.3019156440041897,-0.23388915671708155,0.007576476895972291,-0.00033887361279715065,-0.0428122055266803,5.45329695928907,0.10879715569258952,0.020356845297173853,2.91802516031397,-0.1928815806037796,-0.06200172382759295,10.9405978641018,-8.348256387957804,-0.4328020876131823
116,JPN2005,Japan,JPN,2005,1.653204953,-0.517126741,-0.2382708331770784,60.48500061,-0.06699753000000186,-0.001106446228993141,4.400000095,-0.29999971399999925,-0.06382972897691007,-0.282946069,-0.27437268099999995,32.00283026966701,3.86579325688666,-0.3986699012655106,-0.09348653898050274,0.00705483025392204,-0.0005216466420502504,-0.06885081934686044,5.02597305191718,-0.4273239073718909,-0.07836065238369118,2.78398279813504,-0.13404236217893084,-0.04593598574883717,9.21415349838199,-1.7264443657198107,-0.15780164732903726
117,JPN2005,Japan,JPN,2005,1.653204953,-0.517126741,-0.2382708331770784,60.48500061,-0.06699753000000186,-0.001106446228993141,4.400000095,-0.29999971399999925,-0.06382972897691007,-0.282946069,-0.27437268099999995,32.00283026966701,3.86579325688666,-0.3986699012655106,-0.09348653898050274,0.00705483025392204,-0.0005216466420502504,-0.06885081934686044,5.02597305191718,-0.4273239073718909,-0.07836065238369118,2.78398279813504,-0.13404236217893084,-0.04593598574883717,9.21415349838199,-1.7264443657198107,-0.15780164732903726
118,JPN2006,Japan,JPN,2006,1.35573127,-0.2974736830000002,-0.17993757063223614,60.3730011,-0.11199950999999686,-0.0018516906484329356,4.099999905,-0.30000019000000044,-0.06818185989152814,0.249355116,0.532301185,-1.8812814289354909,3.0675352095782,-0.7982580473084601,-0.20649268966632275,0.00616475608300029,-0.0008900741709217502,-0.1261652143121268,5.447106273214719,0.4211332212975396,0.08379138068336768,2.5922906740474905,-0.19169212408754926,-0.0688553550747375,3.2809938477111205,-5.933159650670869,-0.6439180388858006
119,JPN2006,Japan,JPN,2006,1.35573127,-0.2974736830000002,-0.17993757063223614,60.3730011,-0.11199950999999686,-0.0018516906484329356,4.099999905,-0.30000019000000044,-0.06818185989152814,0.249355116,0.532301185,-1.8812814289354909,3.0675352095782,-0.7982580473084601,-0.20649268966632275,0.00616475608300029,-0.0008900741709217502,-0.1261652143121268,5.447106273214719,0.4211332212975396,0.08379138068336768,2.5922906740474905,-0.19169212408754926,-0.0688553550747375,3.2809938477111205,-5.933159650670869,-0.6439180388858006
120,JPN2007,Japan,JPN,2007,1.537540226,0.181808956,0.1341039777005364,60.48400116,0.11100005999999496,0.0018385711821107265,3.900000095,-0.1999998099999996,-0.048780442593693074,0.06003945400000001,-0.189315662,-0.7592210861236149,2.99960564416453,-0.06792956541367001,-0.022144673417786358,0.00648812163288146,0.00032336554988117,0.052453908236997686,5.33067143313161,-0.11643484008310878,-0.021375540377403413,2.49764093638973,-0.09464973765776064,-0.03651200793388598,3.19056143573893,-0.09043241197219044,-0.027562505804537785
121,JPN2007,Japan,JPN,2007,1.537540226,0.181808956,0.1341039777005364,60.48400116,0.11100005999999496,0.0018385711821107265,3.900000095,-0.1999998099999996,-0.048780442593693074,0.06003945400000001,-0.189315662,-0.7592210861236149,2.99960564416453,-0.06792956541367001,-0.022144673417786358,0.00648812163288146,0.00032336554988117,0.052453908236997686,5.33067143313161,-0.11643484008310878,-0.021375540377403413,2.49764093638973,-0.09464973765776064,-0.03651200793388598,3.19056143573893,-0.09043241197219044,-0.027562505804537785
122,JPN2008,Japan,JPN,2008,-1.141363282,-2.6789035080000003,-1.7423306803291398,60.30199814,-0.18200301999999624,-0.003009110120187675,4.0,0.09999990499999978,0.025641000657462776,1.380078862,1.320039408,21.986199408142514,2.7649239407258497,-0.2346817034386804,-0.07823751895361075,0.00672469412445271,0.00023657249157124985,0.036462400823731984,4.6188236138068,-0.7118478193248103,-0.13353811583668007,2.34999143563725,-0.14764950075247985,-0.05911558326950839,2.91959275100934,-0.27096868472959024,-0.0849282141049994
123,JPN2008,Japan,JPN,2008,-1.141363282,-2.6789035080000003,-1.7423306803291398,60.30199814,-0.18200301999999624,-0.003009110120187675,4.0,0.09999990499999978,0.025641000657462776,1.380078862,1.320039408,21.986199408142514,2.7649239407258497,-0.2346817034386804,-0.07823751895361075,0.00672469412445271,0.00023657249157124985,0.036462400823731984,4.6188236138068,-0.7118478193248103,-0.13353811583668007,2.34999143563725,-0.14764950075247985,-0.05911558326950839,2.91959275100934,-0.27096868472959024,-0.0849282141049994
124,JPN2009,Japan,JPN,2009,-5.405301222,-4.26393794,3.735828904998892,60.06999969,-0.23199844999999894,-0.0038472763284125295,5.099999905,1.0999999049999998,0.27499997624999994,-1.35283673,-2.732915592,-1.98026045268129,3.2740311572624,0.5091072165365502,0.1841306406435539,0.00725671388234994,0.0005320197578972301,0.07911434305430642,5.46026699131162,0.8414433775048202,0.1821769887443936,2.7016240149581403,0.3516325793208903,0.14963143013563274,3.45133529267684,0.5317425416675001,0.1821290114806835
125,JPN2009,Japan,JPN,2009,-5.405301222,-4.26393794,3.735828904998892,60.06999969,-0.23199844999999894,-0.0038472763284125295,5.099999905,1.0999999049999998,0.27499997624999994,-1.35283673,-2.732915592,-1.98026045268129,3.2740311572624,0.5091072165365502,0.1841306406435539,0.00725671388234994,0.0005320197578972301,0.07911434305430642,5.46026699131162,0.8414433775048202,0.1821769887443936,2.7016240149581403,0.3516325793208903,0.14963143013563274,3.45133529267684,0.5317425416675001,0.1821290114806835
126,JPN2010,Japan,JPN,2010,4.173577263,9.578878485,-1.7721266755704956,60.15200043,0.08200073999999803,0.0013650864062455526,5.099999905,0.0,0.0,-0.719979429,0.6328573009999999,-0.4678002060159913,2.56445699842486,-0.7095741588375399,-0.21672797989828985,0.006136201851486999,-0.0011205120308629413,-0.15441039140158108,4.42294629404563,-1.0373206972659899,-0.18997618594778887,2.35447948299689,-0.3471445319612503,-0.12849476094349455,2.47731361680288,-0.97402167587396,-0.28221589421945537
127,JPN2010,Japan,JPN,2010,4.173577263,9.578878485,-1.7721266755704956,60.15200043,0.08200073999999803,0.0013650864062455526,5.099999905,0.0,0.0,-0.719979429,0.6328573009999999,-0.4678002060159913,2.56445699842486,-0.7095741588375399,-0.21672797989828985,0.006136201851486999,-0.0011205120308629413,-0.15441039140158108,4.42294629404563,-1.0373206972659899,-0.18997618594778887,2.35447948299689,-0.3471445319612503,-0.12849476094349455,2.47731361680288,-0.97402167587396,-0.28221589421945537
128,JPN2011,Japan,JPN,2011,0.06972213099999999,-4.1038551320000005,-0.9832943955253668,59.17900085,-0.9729995799999998,-0.016175681158472788,4.520999908,-0.5789999969999995,-0.11352941329123413,-0.267633601,0.45234582799999995,-0.6282760448146082,2.6824565832497003,0.1179995848248403,0.04601347766693609,0.0071593745594653296,0.0010231727079783306,0.1667436523018524,4.46988767737166,0.04694138332602993,0.010613147934720455,2.59541880363182,0.2409393206349297,0.10233230842523676,2.4570921023935486,-0.02022151440933051,-0.008162678423988767
129,JPN2011,Japan,JPN,2011,0.06972213099999999,-4.1038551320000005,-0.9832943955253668,59.17900085,-0.9729995799999998,-0.016175681158472788,4.520999908,-0.5789999969999995,-0.11352941329123413,-0.267633601,0.45234582799999995,-0.6282760448146082,2.6824565832497003,0.1179995848248403,0.04601347766693609,0.0071593745594653296,0.0010231727079783306,0.1667436523018524,4.46988767737166,0.04694138332602993,0.010613147934720455,2.59541880363182,0.2409393206349297,0.10233230842523676,2.4570921023935486,-0.02022151440933051,-0.008162678423988767
130,JPN2012,Japan,JPN,2012,1.657256452,1.587534321,22.769446346956894,58.95299911,-0.2260017400000009,-0.003818951600295551,4.3000001910000005,-0.22099971699999976,-0.048882928886801465,-0.051939058,0.215694543,-0.8059322229872026,2.6387878213482003,-0.04366876190149993,-0.016279391873174953,0.00697011846898902,-0.00018925609047630923,-0.02643472399779612,4.25074095801866,-0.21914671935299967,-0.04902734367630912,2.01629156730024,-0.5791272363315798,-0.2231344072568157,2.47980951973251,0.02271741733896037,0.00924565152312784
131,JPN2012,Japan,JPN,2012,1.657256452,1.587534321,22.769446346956894,58.95299911,-0.2260017400000009,-0.003818951600295551,4.3000001910000005,-0.22099971699999976,-0.048882928886801465,-0.051939058,0.215694543,-0.8059322229872026,2.6387878213482003,-0.04366876190149993,-0.016279391873174953,0.00697011846898902,-0.00018925609047630923,-0.02643472399779612,4.25074095801866,-0.21914671935299967,-0.04902734367630912,2.01629156730024,-0.5791272363315798,-0.2231344072568157,2.47980951973251,0.02271741733896037,0.00924565152312784
132,JPN2013,Japan,JPN,2013,2.147753804,0.4904973520000002,0.2959694930787937,59.29600143,0.3430023199999965,0.005818233595885181,4.0,-0.3000001910000005,-0.06976748318009562,0.346440326,0.398379384,-7.670131098642567,1.5012240148309195,-1.1375638065172806,-0.43109332145397,0.00613253665622485,-0.0008375818127641706,-0.12016751458252585,2.94410610170782,-1.3066348563108408,-0.3073899043050331,1.57989521919708,-0.4363963481031599,-0.21643514022502355,0.752058588120622,-1.7277509316118882,-0.6967272759716865
133,JPN2013,Japan,JPN,2013,2.147753804,0.4904973520000002,0.2959694930787937,59.29600143,0.3430023199999965,0.005818233595885181,4.0,-0.3000001910000005,-0.06976748318009562,0.346440326,0.398379384,-7.670131098642567,1.5012240148309195,-1.1375638065172806,-0.43109332145397,0.00613253665622485,-0.0008375818127641706,-0.12016751458252585,2.94410610170782,-1.3066348563108408,-0.3073899043050331,1.57989521919708,-0.4363963481031599,-0.21643514022502355,0.752058588120622,-1.7277509316118882,-0.6967272759716865
134,JPN2014,Japan,JPN,2014,0.46889279,-1.6788610140000002,-0.7816822444328912,59.53099823,0.2349968000000047,0.003963113773825411,3.599999905,-0.4000000950000002,-0.10000002375000007,2.761954083,2.415513757,6.9723804526150905,2.69843000407842,1.1972059892475002,0.7974865692395279,0.00693640577069971,0.0008038691144748606,0.13108264320913454,4.47812052897174,1.5340144272639202,0.5210459046887161,2.2704138953571698,0.6905186761600897,0.4370661217083869,1.89704752421304,1.1449889360924184,1.5224730548636118
135,JPN2014,Japan,JPN,2014,0.46889279,-1.6788610140000002,-0.7816822444328912,59.53099823,0.2349968000000047,0.003963113773825411,3.599999905,-0.4000000950000002,-0.10000002375000007,2.761954083,2.415513757,6.9723804526150905,2.69843000407842,1.1972059892475002,0.7974865692395279,0.00693640577069971,0.0008038691144748606,0.13108264320913454,4.47812052897174,1.5340144272639202,0.5210459046887161,2.2704138953571698,0.6905186761600897,0.4370661217083869,1.89704752421304,1.1449889360924184,1.5224730548636118
136,JPN2015,Japan,JPN,2015,1.326914281,0.8580214909999999,1.8298884292931863,59.27199936,-0.2589988699999992,-0.004350655586176311,3.400000095,-0.1999998099999996,-0.05555550424382572,0.78951789,-1.972436193,-0.7141451790022391,2.8272444405160697,0.12881443643764978,0.04773680853050077,0.007245425474883659,0.00030901970418394884,0.04455040757409101,4.42547747745218,-0.05264305151955995,-0.011755612913716629,1.9981713144530504,-0.2722425809041196,-0.1199087890806323,3.5648161670249903,1.6677686428119498,0.8791390945800355
137,JPN2015,Japan,JPN,2015,1.326914281,0.8580214909999999,1.8298884292931863,59.27199936,-0.2589988699999992,-0.004350655586176311,3.400000095,-0.1999998099999996,-0.05555550424382572,0.78951789,-1.972436193,-0.7141451790022391,2.8272444405160697,0.12881443643764978,0.04773680853050077,0.007245425474883659,0.00030901970418394884,0.04455040757409101,4.42547747745218,-0.05264305151955995,-0.011755612913716629,1.9981713144530504,-0.2722425809041196,-0.1199087890806323,3.5648161670249903,1.6677686428119498,0.8791390945800355
138,JPN2016,Japan,JPN,2016,1.115023301,-0.21189097999999995,-0.15968701447716194,59.08499908,-0.18700027999999946,-0.0031549514445129434,3.135999918,-0.2640001770000002,-0.07764710871280145,-0.116666667,-0.906184557,-1.1477695039943934,3.11608750098576,0.2888430604696897,0.10216416250763438,0.00549232875512704,-0.0017530967197566187,-0.2419591127993445,4.8118587336541125,0.3863812562019309,0.08730837704418204,2.20686784034544,0.20869652589238968,0.10444376034369962,3.7590947598548,0.19427859282980944,0.054498909264076856
139,JPN2016,Japan,JPN,2016,1.115023301,-0.21189097999999995,-0.15968701447716194,59.08499908,-0.18700027999999946,-0.0031549514445129434,3.135999918,-0.2640001770000002,-0.07764710871280145,-0.116666667,-0.906184557,-1.1477695039943934,3.11608750098576,0.2888430604696897,0.10216416250763438,0.00549232875512704,-0.0017530967197566187,-0.2419591127993445,4.8118587336541125,0.3863812562019309,0.08730837704418204,2.20686784034544,0.20869652589238968,0.10444376034369962,3.7590947598548,0.19427859282980944,0.054498909264076856
