,ctryyear,ctry,ctrycode,year,gdp,gdpdelta,gdp%change,lforcedelta,lforce%change,unemp,unempdelta,unemp%change,inflation,inflationdelta,inflation%change,All Products_tariff,All Products_delta,All Products_%change,Capital goods_tariff,Capital goods_delta,Capital goods_%change,Consumer goods_tariff,Consumer goods_delta,Consumer goods_%change,Intermediate goods_tariff,Intermediate goods_delta,Intermediate goods_%change,Raw materials_tariff,Raw materials_delta,Raw materials_%change
1,ABW1997,Aruba,ABW,1997,3.856747566,-0.2308295179999993,-0.0564709883768395,,,,,,2.999948098,-0.2253398739999999,-0.06986659050486788,,,,,,,,,,,,,,,
2,ABW1998,Aruba,ABW,1998,-0.961873529,-4.818621095,-1.2494001778803483,,,,,,1.869488536,-1.130459562,-0.3768263733474765,,,,,,,,,,,,,,,
3,ABW1999,Aruba,ABW,1999,2.484959182,3.4468327110000003,-3.5834572915042764,,,,,,2.280371983,0.4108834470000001,0.21978388157390685,,,,,,,,,,,,,,,
4,ABW2000,Aruba,ABW,2000,-2.391332678,-4.87629186,-1.962322719552824,,,,,,4.044021312,1.7636493289999997,0.7734042262174203,,,,,,,,,,,,,,,
5,ABW2001,Aruba,ABW,2001,-4.3181514210000005,-1.9268187430000008,0.8057510193903688,,,,,,2.8836043030000003,-1.1604170089999997,-0.2869463139466263,,,,,,,,,,,,,,,
6,ABW2002,Aruba,ABW,2002,-1.749363126,2.5687882950000005,-0.5948814769457804,,,,,,3.315774991,0.4321706879999998,0.14987170311487774,,,,,,,,,,,,,,,
7,ABW2003,Aruba,ABW,2003,5.275258147,7.024621272999999,-4.015530662900232,,,,,,3.657376581,0.34160159000000023,0.10302315172989984,,,,,,,,,,,,,,,
8,ABW2004,Aruba,ABW,2004,-0.585808961,-5.861067107999999,-1.111048397002741,,,,,,2.529938059,-1.1274385220000005,-0.3082642700390825,,,,,,,,,,,,,,,
9,ABW2005,Aruba,ABW,2005,-0.918128747,-0.332319786,0.5672835482624172,,,,,,3.3956252460000003,0.8656871870000002,0.3421772260077298,,,,,,,,,,,,,,,
10,ABW2006,Aruba,ABW,2006,1.542019924,2.460148671,-2.6795247170275127,,,,,,3.608711459,0.21308621299999952,0.06275315959881378,,,,,,,,,,,,,,,
11,ABW2007,Aruba,ABW,2007,-4.0239406560000015,-5.5659605800000005,-3.609525722314857,,,,,,5.39120264,1.7824911810000006,0.4939411757497347,,,,,,,,,,,,,,,
12,ABW2008,Aruba,ABW,2008,-7.003496639,-2.9795559829999982,0.7404572377470964,,,,,,8.957732188,3.5665295479999983,0.6615461866593829,,,,,,,,,,,,,,,
13,ABW2009,Aruba,ABW,2009,-5.746497363,1.2569992760000002,-0.17948167048445707,,,,,,-2.136371573,-11.094103761,-1.2384946913083577,,,,,,,,,,,,,,,
14,ABW2010,Aruba,ABW,2010,,,,,,,,,2.07773902,4.214110593,-1.9725550771499616,,,,,,,,,,,,,,,
15,ABW2011,Aruba,ABW,2011,,,,,,,,,4.374595795,2.296856775,1.1054597102382957,9.96814540026536,,,12.8944830504072,,,10.658758153022301,,,7.519091503737919,,,1.40229434321812,,
16,ABW2012,Aruba,ABW,2012,,,,,,,,,0.571755528,-3.802840267000001,-0.8693009469232574,9.51809092476601,-0.45005447549934985,-0.04514926873833214,13.4553866173911,0.5609035669839013,0.04349950011886583,10.033719058308199,-0.6250390947141025,-0.05864089284518315,7.18195049522303,-0.33714100851488915,-0.04483799782823339,1.28973398761295,-0.1125603556051702,-0.08026870831330313
17,ABW2013,Aruba,ABW,2013,,,,,,,,,-2.37226328,-2.944018808,-5.149086740443374,9.694452090378881,0.17636116561287096,0.0185290482100755,13.4553866173911,0.0,0.0,10.305317766339,0.2715987080308011,0.027068598039518443,7.1841367596871,0.002186264464069332,0.0003044109626657576,1.28973398761295,0.0,0.0
18,ABW2014,Aruba,ABW,2014,,,,,,,,,0.420998172,2.793261452,-1.1774668838612214,,,,,,,,,,,,,,,
19,ABW2015,Aruba,ABW,2015,,,,,,,,,0.476485008,0.055486835999999984,0.13179828248755432,10.018500919826,,0.033426213923808616,12.8738496700301,,-0.043219638639692685,11.2676511496875,,0.0933822134521498,7.2071765054231385,,0.0032070305043918608,1.0780001938296702,,-0.1641685772545689
20,ABW2016,Aruba,ABW,2016,,,,,,,,,-0.893020019,-1.369505027,-2.87418282633564,10.158304846542599,0.13980392671659914,0.013954575423548166,12.940805648508501,0.06695597847840062,0.0052009290301309186,11.564745663057597,0.297094513370098,0.026367031551055572,7.210968975302482,0.003792469879341453,0.0005262074373353354,1.96512265147827,0.8871224576485999,0.8229334862149107
39,ARG2014,Argentina,ARG,2014,-3.514195982,-4.852648916000001,-3.625565600949253,0.2849998499999984,0.004701416282258508,7.268000126,0.16800022100000067,0.023662003274350862,,,,11.499219245392801,0.491180949226301,0.04462020716237447,12.7444502523877,0.4205057633234013,0.034121036791145753,12.2614272634831,0.7844197976795009,0.06834706695248949,9.268080796852699,0.15072227882726885,0.016531353739055454,3.14245264390986,0.2596404572760398,0.09006499225994148
40,ARG2015,Argentina,ARG,2015,1.615899299,5.130095281,-1.459820484479741,0.07400130999999988,0.001215028511326377,6.622000217,-0.6459999090000004,-0.08888275974143822,,,,11.5266179055267,0.027398660133899355,0.002382653947995417,12.4092239491814,-0.3352263032063014,-0.02630370840385965,12.8706102834304,0.6091830199473005,0.049682880047869034,9.229806657079099,-0.03827413977360017,-0.004129672648796712,3.22011108789911,0.07765844398925026,0.0247126855323514
41,ARG2016,Argentina,ARG,2016,-3.255565152,-4.8714644510000005,-3.0147079425151726,0.04600143999999773,0.0007543816712656247,6.55700016,-0.06500005699999978,-0.009815773915731962,,,,12.321838997697501,0.7952210921708005,0.0689899759572592,12.4694773110657,0.060253361884301526,0.004855530219379789,15.114344399727399,2.2437341162969986,0.1743300486058208,9.24606492948384,0.016258272404741092,0.0017614965306202988,3.4834575041233395,0.2633464162242296,0.08178177989382474
43,ATG1997,Antigua and Barbuda,ATG,1997,2.607066797,-1.165875802,-0.3090096844592891,,,,,,,,,,,,,,,,,,,,,,,
44,ATG1998,Antigua and Barbuda,ATG,1998,1.961247782,-0.645819015,-0.247718629895926,,,,,,,,,,,,,,,,,,,,,,,
45,ATG1999,Antigua and Barbuda,ATG,1999,1.198556698,-0.7626910839999999,-0.3888805336071503,,,,,,1.121287896,,,20.3010815489709,,,24.431496631290607,,,19.689759708694503,,,15.3257742436833,,,26.278218989137997,,
46,ATG2000,Antigua and Barbuda,ATG,2000,3.859731102,2.661174404,2.220315825225984,,,,,,0.771779797,-0.3495080989999999,-0.311702373892387,15.3879404557804,-4.9131410931904975,-0.24201376076140899,10.689554254905303,-13.7419423763853,-0.5624682999888484,17.566501044823802,-2.1232586638707005,-0.1078356818612226,10.9349452870592,-4.3908289566241,-0.28649964998889577,20.358484099288106,-5.919734889849894,-0.2252715411305765
47,ATG2001,Antigua and Barbuda,ATG,2001,-6.837960061,-10.697691163,-2.7716156593024754,,,,,,1.402796636,0.6310168389999999,0.8176125385153091,,,,,,,,,,,,,,,
48,ATG2002,Antigua and Barbuda,ATG,2002,-0.329003608,6.508956453000001,-0.9518857078624284,,,,,,2.4076580130000003,1.0048613770000003,0.7163271932739368,,,,,,,,,,,,,,,
49,ATG2003,Antigua and Barbuda,ATG,2003,4.86215156,5.191155168,-15.778414101768757,,,,,,1.993530552,-0.4141274610000003,-0.1720042708573829,,,,,,,,,,,,,,,
50,ATG2004,Antigua and Barbuda,ATG,2004,4.655690215,-0.20646134500000013,-0.04246295954624668,,,,,,2.030077579,0.0365470269999999,0.018332815096981703,,,,,,,,,,,,,,,
51,ATG2005,Antigua and Barbuda,ATG,2005,5.101193261000001,0.4455030460000007,0.09569001059491676,,,,,,2.098751967,0.06867438799999981,0.0338284549863499,12.175254617931197,,-0.2087794560345061,8.87076689216739,,-0.170146230550567,12.760090594023499,,-0.273612282749761,8.36733169834555,,-0.2348080874032589,18.467447180485,,-0.0928869217167907
52,ATG2006,Antigua and Barbuda,ATG,2006,11.49578815,6.394594888999999,1.2535488388351022,,,,,,1.787785374,-0.3109665929999996,-0.1481673860892203,13.3407048313104,1.1654502133792022,0.09572286165274746,8.745233421178499,-0.12553347098889134,-0.014151366225138129,16.4547867871525,3.694696193129001,0.2895509374251233,8.054827945994969,-0.31250375235058137,-0.037348077453696726,18.2833350754158,-0.18411210506920028,-0.009969548214750379
53,ATG2007,Antigua and Barbuda,ATG,2007,7.997958804,-3.497829346,-0.304270511978772,,,,,,1.4160525940000002,-0.3717327799999999,-0.2079291985526669,14.896090436646302,1.5553856053359016,0.1165894624761834,10.0984362721635,1.3532028509850011,0.15473604714860145,17.8798572743945,1.4250704872419997,0.08660522349366806,8.84930268559738,0.7944747396024106,0.09863335938757567,18.082763902220695,-0.20057117319510095,-0.010970163395670252
54,ATG2008,Antigua and Barbuda,ATG,2008,-1.139117234,-9.137076038,-1.1424259941711998,,,,,,5.333806398,3.9177538039999997,2.7666725237466707,,,,,,,,,,,,,,,
55,ATG2009,Antigua and Barbuda,ATG,2009,-13.07235506,-11.933237826,10.47586452897086,,,,,,-0.550159996,-5.883966394,-1.1031458502517624,14.8029959270095,,-0.0062495934777475615,9.97045459431788,,-0.01267341540773037,17.414036340878805,,-0.02605283288154614,8.5270567476124,,-0.036414839613232886,16.9718445277627,,-0.06143526401523002
56,ATG2010,Antigua and Barbuda,ATG,2010,-8.102298063,4.9700569969999995,-0.3801959917848192,,,,,,3.370025402,3.920185398,-7.125536982881613,11.559410634235801,-3.243585292773698,-0.2191168131618183,9.56555412318448,-0.4049004711334003,-0.040610031097694566,10.3960567374366,-7.0179796034422015,-0.40300706085973625,10.791479889456598,2.2644231418441976,0.2655574143420873,24.8121933764462,7.840348848683502,0.4619620946832377
57,ATG2011,Antigua and Barbuda,ATG,2011,-2.8491019260000003,5.253196136999999,-0.6483587861312181,,,,,,3.456749672,0.08672426999999994,0.02573401077289561,11.559410634235801,0.0,0.0,9.565554123184473,-8.88178419700125e-15,-8.881784197001252e-16,10.3960567374366,0.0,0.0,10.791479889456598,0.0,0.0,24.8121933764462,0.0,0.0
58,ATG2012,Antigua and Barbuda,ATG,2012,2.7022822630000003,5.551384189,-1.9484680903620293,,,,,,3.376880443,-0.07986922899999982,-0.0231052973395639,13.664938350155099,2.105527715919297,0.18214836227751108,10.1697546980117,0.6042005748272281,0.06316420011286117,13.1303834551371,2.7343267177004997,0.2630157555656736,11.005285750581601,0.2138058611250031,0.019812469032527646,24.8396941531685,0.02750077672230233,0.0011083573429024882
59,ATG2013,Antigua and Barbuda,ATG,2013,-1.268239597,-3.97052186,-1.4693216598298784,,,,,,1.059497824,-2.317382619,-0.6862495306292962,16.717701812390303,3.052763462235204,0.22340118806321246,9.761066058677859,-0.4086886393338407,-0.04018667622472194,18.5902066540658,5.459823198928699,0.4158159750309967,10.3804051669281,-0.6248805836535016,-0.056780041683195615,21.409152583942895,-3.4305415692256034,-0.13810723868304994
60,ATG2014,Antigua and Barbuda,ATG,2014,3.490909255,4.759148852,-3.752562893681674,,,,,,1.089441574,0.02994374999999994,0.028262210003368482,11.4307130739049,-5.286988738485403,-0.31625092957256584,9.66280735258017,-0.09825870609768828,-0.010066390853930685,11.0989529992853,-7.491253654780499,-0.4029677450165468,9.9086123817795,-0.4717927851485992,-0.045450324680170295,17.8251307474568,-3.584021836486098,-0.1674060578733113
61,ATG2015,Antigua and Barbuda,ATG,2015,3.034905259,-0.4560039960000002,-0.13062613854739125,,,,,,0.968993459,-0.12044811499999995,-0.1105594993568696,13.8084177349214,2.3777046610165,0.20801017798658128,9.82228057038056,0.15947321780038948,0.016503818401989227,14.597397290829802,3.498444291544501,0.3152048929092481,9.02228450292957,-0.8863278788499294,-0.08945025243693637,19.3079807603675,1.4828500129106992,0.0831887313433739
62,ATG2016,Antigua and Barbuda,ATG,2016,3.300525322,0.2656200630000001,0.08752169848212055,,,,,,-0.489437796,-1.4584312550000005,-1.5050991742556232,13.4368834036639,-0.3715343312575001,-0.026906365261379128,8.45058758940794,-1.3716929809726202,-0.13965117073818978,14.8629903762832,0.2655930854533981,0.01819455072448051,8.816940512631142,-0.2053439902984291,-0.022759644769764557,19.2730399351621,-0.03494082520539976,-0.001809657138105325
64,BHS1997,"Bahamas, The",BHS,1997,0.93125743,-1.9554620459999998,-0.6773994017283583,-1.5979995699999991,-0.021850594115140683,9.800000191,-1.6999998089999997,-0.14782607034782602,0.544150383,-0.8349870290000001,-0.6054415040406431,,,,,,,,,,,,,,,
65,BHS1998,"Bahamas, The",BHS,1998,3.6009325430000003,2.6696751130000003,2.8667423496422466,-1.9740066500000069,-0.027594975173025785,7.650000095,-2.1500000960000003,-0.2193877606221365,1.336613366,0.792462983,1.456330837499383,,,,,,,,,,,,,,,
66,BHS1999,"Bahamas, The",BHS,1999,5.8623653760000005,2.261432833,0.628013106603758,0.4490051300000033,0.006454840345883062,7.800000191,0.1500000960000003,0.019607855442778318,1.25424826,-0.08236510599999991,-0.061622237286530275,28.5832595287231,,,34.7996565962265,,,28.0434980708519,,,26.420529447825494,,,17.837627054951106,,
67,BHS2000,"Bahamas, The",BHS,2000,2.639573548,-3.2227918280000005,-0.5497425733977316,0.4430007899999993,0.006327678566758532,7.604000092000001,-0.19600009899999996,-0.025128217205193648,1.606329417,0.35208115700000003,0.2807108992919791,,,,,,,,,,,,,,,
68,BHS2001,"Bahamas, The",BHS,2001,0.849944952,-1.789628596,-0.6779991401853525,0.4959945700000077,0.007040077063752871,6.900000095,-0.7039999970000004,-0.09258284961630436,2.044989775,0.4386603579999999,0.2730824408478101,,,,,,,,,,,,,,,
69,BHS2002,"Bahamas, The",BHS,2002,0.704069024,-0.14587592799999993,-0.17162985397670782,0.4920043899999911,0.006934620746402942,9.100000381000001,2.2000002860000007,0.31884061676958586,2.173577925,0.12858815000000012,0.06287960535157211,25.0237991751296,,-0.12452954674454207,31.6164193256272,,-0.09147323801305772,24.361704930563,,-0.13128865489557862,25.626338138077895,,-0.030059628869888663,13.4856939094116,,-0.2439748926318962
70,BHS2003,"Bahamas, The",BHS,2003,-3.325155838,-4.0292248619999995,-5.722769678331993,0.4280014099999931,0.0059909771514543575,10.84000015,1.7399997689999989,0.19120875781862207,3.025045263,0.851467338,0.3917353632490539,,,,,,,,,,,,,,,
71,BHS2004,"Bahamas, The",BHS,2004,-1.237831477,2.0873243610000003,-0.6277373039621128,0.3569946200000089,0.004967296102741603,10.19999981,-0.6400003400000003,-0.05904062095423501,0.981914037,-2.043131226,-0.6754051752514223,,,,,,,,,,,,,,,
72,BHS2005,"Bahamas, The",BHS,2005,1.28404388,2.521875357,-2.0373333558393587,0.3260040300000071,0.004513665984388293,10.19999981,0.0,0.0,1.591606181,0.6096921439999999,0.6209221184603555,,,,,,,,,,,,,,,
73,BHS2006,"Bahamas, The",BHS,2006,0.507920385,-0.776123495,-0.6044368943217111,0.4140014700000023,0.005706272175443504,7.599999905,-2.599999905,-0.2549019562187619,2.3898262740000003,0.7982200930000003,0.5015185933108666,23.8727418312773,,-0.045998504695334286,31.1210204389857,,-0.015669038341731056,22.4100476625571,,-0.08011168650012856,25.8307649403365,,0.00797721473731938,15.544482907520099,,0.15266466908845389
74,BHS2007,"Bahamas, The",BHS,2007,-0.479114897,-0.987035282,-1.9432873953267304,0.395996089999997,0.005427131423391796,7.880000113999999,0.2800002089999998,0.03684213322368457,2.492577949,0.10275167499999993,0.042995457920051335,,,,,,,,,,,,,,,
75,BHS2008,"Bahamas, The",BHS,2008,-4.10245982,-3.6233449230000003,7.562580386641577,0.35199738000000025,0.004798088688299895,8.180000305,0.3000001910000005,0.03807108967765172,4.489559954,1.996982005,0.8011713358056347,,,,,,,,,,,,,,,
76,BHS2009,"Bahamas, The",BHS,2009,-5.849658432999999,-1.7471986129999992,0.4258904875758172,0.3070068299999917,0.004164837655705078,14.25,6.069999695,0.7420537247767254,2.062734735,-2.426825219,-0.5405485713221863,,,,,,,,,,,,,,,
77,BHS2010,"Bahamas, The",BHS,2010,-0.134788317,5.714870115999999,-0.9769579166811501,0.158996590000001,0.0021479928940364434,14.32999992,0.07999992000000056,0.005614029473684168,1.344027384,-0.7187073509999997,-0.34842451567093996,20.2192801995151,,-0.15303904585335693,34.0633542898279,,0.09454490274863557,16.0654457186569,,-0.2831141655490905,32.015362922253104,,0.239427597138594,15.0162222587006,,-0.03398380325433259
79,BHS2012,"Bahamas, The",BHS,2012,1.5642695780000002,2.526651273,-2.6254149326894667,0.011001589999992234,0.0001483914000579567,14.02000046,-0.5,-0.0344352606170647,1.984598107,-1.21418331,-0.3795768299600573,,,,,,,,,,,,,,,
80,BHS2013,"Bahamas, The",BHS,2013,-1.366316078,-2.9305856560000003,-1.8734530781752503,0.025001520000003552,0.00033717490875417866,16.20000076,2.180000300000001,0.15549217036188326,0.34687809700000005,-1.6377200099999998,-0.8252149411125079,14.0463544967943,,-0.2780568289989087,26.3946681140597,,-0.21057020263256576,6.87518215600526,,-0.5331072139734523,33.0179074572425,,0.04858861291522487,3.6895932851147206,,-0.8039640233463705
83,BHS2016,"Bahamas, The",BHS,2016,-0.8693605670000001,1.97085646,-0.6939105150291038,-0.028999330000004875,-0.0003912219898820624,15.31299973,-0.7649993800000008,-0.047580508915701765,-0.34637693,-2.217184673,-1.185148330338079,,,,,,,,,,,,,,,
85,BLZ1997,Belize,BLZ,1997,-0.160105603,1.597729957,-0.908918896258988,0.3830032299999999,0.0064592839500883245,12.69999981,-1.1000003800000009,-0.07971017136630931,1.149037568,-4.815983407,-0.8073707413912321,,,,,,,,,,,,,,,
86,BLZ1998,Belize,BLZ,1998,-0.16840758,-0.008301976999999988,0.0518531322104947,0.4259986900000001,0.007138286805965287,14.30000019,1.6000003800000009,0.12598428377456816,2.1952625,1.046224932,0.910522824611423,,,,,,,,,,,,,,,
87,BLZ1999,Belize,BLZ,1999,4.801900463,4.970308043,-29.513564906045204,0.4790000899999996,0.00796952098500503,12.80000019,-1.5,-0.10489510350139376,2.621395246,0.426132746,0.1941147111108581,11.1878631605945,,-0.28429467201117564,12.454275438816197,,-0.10807719094968636,8.90165504786998,,-0.5038868292167482,14.327103136787,,0.4626070869897154,25.434587134451398,,1.141842819326878
88,BLZ2000,Belize,BLZ,2000,9.250159336,4.448258873,0.9263538274637492,0.5330009500000017,0.008797863235831649,10.75399971,-2.04600048,-0.15984378512731878,3.067439669,0.4460444229999996,0.1701553490190466,,,,,,,,,,,,,,,
89,BLZ2001,Belize,BLZ,2001,1.857170233,-7.392989103,-0.7992282980713403,0.5069999700000025,0.008295699336112737,9.100000381000001,-1.6539993289999997,-0.15380317775738528,3.651417866,0.5839781970000004,0.19037968469331945,10.717061643363099,,-0.04208145116483386,6.660368872584139,,-0.465214262740184,13.138293794445401,,0.4759383197610178,7.420131470082572,,-0.4820912923401617,9.96459858662995,,-0.6082264463757383
92,BLZ2004,Belize,BLZ,2004,2.012685989,-4.501170458000001,-0.6910146845611012,0.5469970699999962,0.008720419839085336,10.2159996,0.1089992500000001,0.010784530149937188,6.394430997000001,4.0763482500000014,1.7584998875797253,,,,,,,,,,,,,,,
93,BLZ2005,Belize,BLZ,2005,-0.024137828,-2.0368238169999997,-1.0119928434598946,0.5230026199999998,0.00826581053271247,10.97999954,0.7639999399999997,0.0747846485820145,-1.104310444,-7.498741441000002,-1.1726987818803731,,,,,,,,,,,,,,,
94,BLZ2006,Belize,BLZ,2006,1.895579088,1.919716916,-79.53146886289855,0.7499961899999974,0.011756162975557816,9.399999618999999,-1.5799999210000006,-0.1438979951906264,-7.113767713,-6.0094572689999985,5.441818740057122,10.0233654331064,,-0.11702110251867548,7.17624469826479,,0.06047741732678369,11.635122643619402,,-0.2290543513496316,7.29702671799975,,0.070804590192598,9.67757881584282,,-0.07517408641801271
104,BLZ2016,Belize,BLZ,2016,-2.85160523,-2.9887956769999997,-21.785741954758702,0.11699677000000007,0.0016757633206021527,11.0340004,1.0640001330000004,0.10672017096346176,,,,11.4883785190825,0.3418320013391991,0.030667077089308718,7.313103653110559,0.10444396432550017,0.014488680120104737,15.3306393720838,0.37024616606989896,0.02474842478879924,6.667850673123231,0.11208551304284063,0.01709724346524122,15.366017810320999,0.8752757035966994,0.0604024070782776
125,BOL2016,Bolivia,BOL,2016,2.701313052,-0.5666361210000006,-0.17339196266624446,0.07099913999999785,0.0009706098235262584,3.709000111,0.2060000900000003,0.05880676242222616,3.625239368,-0.4357243580000008,-0.10729580153851404,,,,,,,,,,,,,,,
148,BRB1997,Barbados,BRB,1997,4.346605364,0.7646205629999998,0.21346281614219495,-0.046997070000003305,-0.0006760806462089429,14.60000038,-0.09999942999999868,-0.0068026824008509115,7.71053879,5.324386562,2.2313691890742184,,,,,,,,,,,,,,,
149,BRB1998,Barbados,BRB,1998,3.351358705,-0.9952466590000002,-0.2289710189112075,0.03599547999999686,0.0005181665900766408,12.30000019,-2.3000001900000004,-0.15753425548883448,-1.268886607,-8.979425397,-1.164565232282555,,,,,,,,,,,,,,,
150,BRB1999,Barbados,BRB,1999,-0.036751067000000005,-3.388109772,-1.0109660201234711,-0.027000430000001074,-0.0003884786360444093,10.39999962,-1.900000570000001,-0.15447158867076416,1.5600624019999998,2.828949009,-2.229473456015444,22.766889199059,,,15.055650086884198,,,25.084491057536802,,,15.731628624748499,,,21.461690909612397,,
156,BRB2005,Barbados,BRB,2005,3.616665253,2.5192183459999997,2.2955263985267216,-0.09999846999998853,-0.0014365325870020484,9.100000381000001,-0.6999998099999996,-0.07142855064868836,6.082187295,4.687764983999999,3.3617971736540873,,,,,,,,,,,,,,,
157,BRB2006,Barbados,BRB,2006,5.272870113,1.6562048599999994,0.4579370066461606,-0.19599915000000576,-0.002819685309040421,8.699999809,-0.4000005720000015,-0.04395610497282698,7.307662627999999,1.2254753329999994,0.20148595785720524,17.122227869254598,,-0.1524370919911896,7.945648811541702,,-0.07400928598469936,19.4516579172836,,-0.21695890043957175,14.6457997319855,,-0.08856227378221028,36.8849640360434,,-0.1294113699259305
159,BRB2008,Barbados,BRB,2008,-0.027183409,-1.3820522359999998,-1.0200634987375057,-0.2859954900000048,-0.004140361963490546,8.100000381000001,0.7000002860000007,0.09459463202885288,8.108108108,4.073878279,1.0098280097269092,,,,,,,,,,,,,,,
160,BRB2009,Barbados,BRB,2009,-4.437651061,-4.4104676519999995,162.24851165650344,-0.3280029199999888,-0.004768246566142054,10.02000046,1.9200000789999996,0.2370370356406035,3.643861893,-4.464246214999998,-0.5505903665240078,,,,,,,,,,,,,,,
161,BRB2010,Barbados,BRB,2010,-0.129233725,4.3084173360000015,-0.9708778984143748,-0.4539947600000005,-0.006631436433617632,10.68999958,0.66999912,0.0668661765710139,5.824218533,2.18035664,0.5983642366327191,15.7735748993874,,-0.17980220339522313,7.985073363865862,,-0.059769305487595285,20.3250875554032,,-0.15909451351082127,8.81494584725582,,-0.4361622800486956,16.6199568941023,,-0.5171539447811487
165,BRB2014,Barbados,BRB,2014,-0.246161228,0.15279615599999996,-0.3829886652755874,-0.3340072599999928,-0.004989800148437418,12.17000008,0.619999889999999,0.05367964327280239,1.887170246,0.0831647419999999,0.04610004892756692,,,,,,,,,,,,,,,
166,BRB2015,Barbados,BRB,2015,0.606258497,0.8524197250000001,-3.46285128623099,-0.31099701000000834,-0.0046693445944683285,11.35000038,-0.8199996999999986,-0.06737877523497915,-1.061216469,-2.948386715,-1.5623321325934048,,,,,,,,,,,,,,,
167,BRB2016,Barbados,BRB,2016,1.286145092,0.6798865949999999,1.1214467069151857,-0.2900009199999971,-0.004374533105960032,11.38599968,0.03599929999999851,0.003171744387201469,,,,,,,,,,,,,,,,,,
186,CHL2014,Chile,CHL,2014,1.037104022,-2.094915296,-0.6688704900255025,0.4330024699999981,0.00699847232689832,6.389999866,0.4579997059999998,0.07720830978534554,4.395,2.603289266999999,1.4529629247914984,,,,,,,,,,,,,,,
187,CHL2015,Chile,CHL,2015,1.39547782,0.3583737979999999,0.3455524136420713,0.08599853999999851,0.0013803052585186215,6.212999821,-0.17700004499999974,-0.02769953813955206,4.348867283,-0.04613271699999988,-0.010496636405005644,5.8969921559648,,0.0005432113732795063,5.680595017578419,,0.003196932868211322,5.991562356583719,,0.0005123085923404158,6.0,,0.0,6.0,,0.0
188,CHL2016,Chile,CHL,2016,0.754784287,-0.640693533,-0.4591212585521424,0.05400085000000132,0.0008655369534857903,6.565999985,0.353000164,0.05681638084180474,3.786661771,-0.5622055119999994,-0.12927630930419445,,,,,,,,,,,,,,,
209,COL2016,Colombia,COL,2016,1.069985442,-1.0487345479999999,-0.4949849687310497,0.02799988000001008,0.0004083460441599573,9.871999741,0.918999672,0.10264711995055832,7.517452808,2.512422151,0.5019793729906818,,,,,,,,,,,,,,,
229,CRI2015,Costa Rica,CRI,2015,3.628147368,1.0863095040000001,0.42737167440354096,0.007999419999997315,0.00012991554600660926,9.612999916,-0.006999970000000744,-0.0007276476177705549,0.79668498,-3.718627697,-0.8235592888044859,,,,,,,,,,,,,,,
230,CRI2016,Costa Rica,CRI,2016,3.267258975,-0.3608883930000002,-0.09946905580049203,0.020999910000000455,0.000341007270810767,8.998999596,-0.6140003199999988,-0.06387187406275219,-0.004186378,-0.800871358,-1.0052547469892053,5.25068823606028,,0.1924007737986244,2.28293839149384,,0.6011269868055491,7.67400454221694,,0.05688688498350536,3.0663972245041604,,0.10255438136405104,12.0598132936063,,0.2479127539440453
232,CUB1997,Cuba,CUB,1997,2.289095187,-5.008848134,-0.6863369464088498,-0.10400008999999956,-0.0019116960622398427,7.099999905,-0.5,-0.0657894745065789,,,,,,,,,,,,,,,,,,
233,CUB1998,Cuba,CUB,1998,-0.294517312,-2.583612499,-1.1286610157902532,-0.194000250000002,-0.003572880194210204,6.199999809,-0.9000000960000003,-0.12676057859750078,,,,,,,,,,,,,,,,,,
234,CUB1999,Cuba,CUB,1999,5.74997894,6.044496252,-20.523398814667985,-0.2560005200000006,-0.0047316375789988605,6.3000001910000005,0.10000038200000104,0.01612909436784804,,,,8.78104091683965,,,9.321038212153939,,,10.725184975027199,,,6.74743475321319,,,3.20729513708647,,
235,CUB2000,Cuba,CUB,2000,5.527868965,-0.2221099750000004,-0.03862796321824447,-0.2949981699999995,-0.005478349657474514,5.400000095,-0.9000000960000003,-0.14285715376417207,,,,8.4545005136115,-0.3265404032281509,-0.03718698117007235,9.35513997052583,0.03410175837189122,0.003658579398100104,10.111518223460902,-0.6136667515662975,-0.05721735830152819,7.25336693887458,0.5059321856613899,0.07498141207226361,2.28459252039944,-0.92270261668703,-0.28768871502272153
236,CUB2001,Cuba,CUB,2001,2.854754187,-2.673114778,-0.4835705757363226,-0.3330001799999991,-0.006218142238429203,4.099999905,-1.3000001900000004,-0.24074077169067165,,,,9.15283650873671,0.6983359951252108,0.08259932020832106,10.0021024640505,0.6469624935246703,0.06915583257577995,11.24615086016,1.1346326366990986,0.1122118965346377,8.361700201419799,1.1083332625452194,0.15280259111187156,2.79977438242733,0.5151818620278901,0.2255027351388752
237,CUB2002,Cuba,CUB,2002,1.14041943,-1.7143347569999998,-0.6005192197656631,-0.3689994799999994,-0.006933473723058303,3.299999952,-0.7999999529999999,-0.19512194427721571,,,,8.79219837276325,-0.36063813597345984,-0.03940178933920846,9.474275424206633,-0.5278270398438689,-0.05277160894331789,11.0523675688996,-0.1937832912604005,-0.017231076985360968,7.404381778993359,-0.9573184224264396,-0.11448848910702257,3.09426192592882,0.29448754350148976,0.1051825980514105
238,CUB2003,Cuba,CUB,2003,3.5445673510000004,2.4041479210000007,2.108126061128229,-0.3790016200000039,-0.007171134084922316,2.299999952,-1.0,-0.3030303074380166,,,,9.00673116680938,0.21453279404613035,0.024400358698766004,10.1337624868526,0.6594870626459688,0.06960817931902108,11.7952342756468,0.7428667067472006,0.06721335515818018,8.35706385203179,0.9526820730384298,0.1286646341955573,2.60761410328748,-0.48664782264134004,-0.15727428197445192
239,CUB2004,Cuba,CUB,2004,5.5634832020000005,2.018915851,0.5695803326830338,-0.3569984399999981,-0.006803598856219839,1.899999976,-0.3999999759999999,-0.17391303667296765,,,,8.53057294574695,-0.4761582210624304,-0.052866929437964894,9.868967732199213,-0.2647947546533889,-0.026129954693227653,10.491747565432,-1.3034867102148002,-0.11050960750360528,8.269602205040881,-0.08746164699090819,-0.01046559515871648,3.0900930492700804,0.4824789459826007,0.18502697365163367
240,CUB2005,Cuba,CUB,2005,11.03105394,5.467570737999999,0.9827603570429544,0.6659965500000027,0.012779363494784146,1.899999976,0.0,0.0,,,,8.21599916294061,-0.31457378280634,-0.036876043943001036,8.86662851968712,-1.002339212512091,-0.10156474716618903,9.875021757657803,-0.6167258077741984,-0.0587819906958279,8.90339015904384,0.6337879540029583,0.0766406821378447,3.2160559020529105,0.12596285278283004,0.04076344976491364
241,CUB2006,Cuba,CUB,2006,11.94701371,0.9159597700000006,0.08303465607022509,0.6170005799999956,0.01168982400278473,1.899999976,0.0,0.0,,,,10.0934979664921,1.8774988035514892,0.2285174044345337,9.193205638921269,0.3265771192341482,0.036832164391350064,13.185433772783599,3.310412015125797,0.33523085785189943,8.32893926876135,-0.5744508902824901,-0.0645204669256213,6.89500550967623,3.6789496076233195,1.1439321080441824
242,CUB2007,Cuba,CUB,2007,7.191405004,-4.755608706,-0.3980583618163438,1.0810012800000024,0.0202442283248554,1.7999999519999998,-0.10000002400000008,-0.052631592243767567,,,,,,,,,,,,,,,,,,
243,CUB2008,Cuba,CUB,2008,4.0609756510000015,-3.130429353,-0.4353014955017544,0.5789985700000031,0.010627922117577128,1.600000024,-0.19999992799999974,-0.11111107407407296,,,,,,,,,,,,,,,,,,
244,CUB2009,Cuba,CUB,2009,1.371998715,-2.6889769360000004,-0.6621504700078292,1.5050010699999987,0.027334830662731457,1.669999957,0.06999993299999985,0.043749957468750544,,,,,,,,,,,,,,,,,,
245,CUB2010,Cuba,CUB,2010,2.25981038,0.8878116649999999,0.6470936563522947,-0.8979988100000043,-0.015876081789978347,2.5,0.8300000430000001,0.4970060265696163,,,,,,,,,,,,,,,,,,
246,CUB2011,Cuba,CUB,2011,2.60673959,0.3469292100000003,0.1535213808514324,0.4300003000000032,0.0077247874408190595,3.200000048,0.7000000480000002,0.2800000192000001,,,,,,,,,,,,,,,,,,
247,CUB2012,Cuba,CUB,2012,2.766054888,0.1593152980000001,0.061116690984848177,-0.07200241000000318,-0.0012835797920319747,3.460000038,0.25999998999999985,0.08124999565625002,,,,,,,,,,,,,,,,,,
248,CUB2013,Cuba,CUB,2013,2.477313337,-0.2887415510000002,-0.10438749869087928,-0.11299895999999875,-0.0020170101993867147,3.2869999410000004,-0.17300009699999966,-0.05000002748554877,,,,,,,,,,,,,,,,,,
249,CUB2014,Cuba,CUB,2014,0.803785555,-1.673527782,-0.6755414250611609,-0.13499832000000112,-0.0024145648428220983,2.700000048,-0.5869998930000002,-0.1785822645379841,,,,,,,,,,,,,,,,,,
250,CUB2015,Cuba,CUB,2015,4.240918772,3.4371332169999995,4.276181869180268,-0.17600250999999645,-0.003155580549923043,2.907000065,0.20700001699999995,0.07666667159999996,,,,,,,,,,,,,,,,,,
251,CUB2016,Cuba,CUB,2016,,,,-0.19300078999999928,-0.003471299724848831,2.914999962,0.007999896999999924,0.0027519424909265844,,,,,,,,,,,,,,,,,,
253,DMA1997,Dominica,DMA,1997,2.053117727,-0.910390194,-0.3072001891909234,,,,,,2.436297155,0.7591326500000002,0.4526286167736422,15.976837299431,-2.634736425077396,-0.14156440847384544,7.95068415637601,-7.93362458560709,-0.4994630055658692,23.9951940985185,3.6395807253544983,0.17879985528477227,8.04747709190998,-8.15010262289932,-0.5031679279496155,15.6174265686167,-0.6674442201907986,-0.04098553982077213
254,DMA1998,Dominica,DMA,1998,5.669577471,3.6164597439999997,1.7614478197917776,,,,,,0.999147458,-1.4371496970000002,-0.5898909720641201,,,,,,,,,,,,,,,
255,DMA1999,Dominica,DMA,1999,1.240701996,-4.428875475,-0.7811649982126155,,,,,,1.179477874,0.1803304160000001,0.18048428643452552,15.9589346717994,,-0.001120536392533622,14.389997952832198,,0.8099068796855946,18.2825178855774,,-0.2380758492507385,12.574685822893699,,0.5625624875074027,8.01508289689229,,-0.4867859399448921
256,DMA2000,Dominica,DMA,2000,0.702327367,-0.5383746289999999,-0.43392743038675663,,,,,,0.856946805,-0.3225310690000001,-0.2734524115371409,13.8198074320876,-2.139127239711799,-0.1340394759239032,13.4178257948509,-0.972172157981298,-0.06755888090935812,15.5076693582341,-2.7748485273432983,-0.15177605976977082,12.501210070418901,-0.07347575247479733,-0.00584314817162479,7.05308009126753,-0.9620028056247598,-0.12002406188434556
257,DMA2001,Dominica,DMA,2001,0.481755806,-0.220571561,-0.3140580466658648,,,,,,1.303894035,0.4469472299999999,0.5215577295955961,13.5071984578703,-0.3126089742172997,-0.02262035674183616,7.01505108015028,-6.40277471470062,-0.4771842184117258,18.7027337206585,3.1950643624243997,0.2060312409696765,8.22890320747149,-4.272306862947413,-0.3417514655686649,15.244012533717802,8.190932442450274,1.1613270140787888
258,DMA2002,Dominica,DMA,2002,-1.969848117,-2.451603923,-5.088893361463712,,,,,,0.17005533,-1.1338387049999998,-0.8695788726420548,14.8169683885511,1.3097699306807993,0.09696828952103154,7.39357917640488,0.3785280962546,0.053959421240093335,19.6622894923625,0.9595557717040002,0.0513056425887144,9.27531389885503,1.0464106913835405,0.12716283871627576,15.1780831770911,-0.06592935662670207,-0.004324934559117866
259,DMA2003,Dominica,DMA,2003,7.273935542,9.243783659,-4.6926377618787765,,,,,,1.453368004,1.283312674,7.546441937456474,14.1980914045774,-0.6188769839736992,-0.041768124743513546,7.49960641570336,0.1060272392984798,0.014340448214424262,19.4909955172323,-0.17129397513020095,-0.008711802112197464,8.66084517608369,-0.6144687227713401,-0.06624775500559521,15.784962198231499,0.6068790211403989,0.03998390403185992
260,DMA2004,Dominica,DMA,2004,2.830565367,-4.443370175,-0.6108619122817078,,,,,,2.394109821,0.9407418169999996,0.6472839737842471,,,,,,,,,,,,,,,
261,DMA2005,Dominica,DMA,2005,-0.439073021,-3.269638388,-1.1551184883835963,,,,,,1.681900799,-0.7122090219999997,-0.2974838563180514,,,,,,,,,,,,,,,
262,DMA2006,Dominica,DMA,2006,2.668027724,3.107100745,-7.076501165850497,,,,,,2.592820909,0.9109201099999996,0.5416015680244646,12.9410331332025,,-0.08853713048851275,6.81848356957496,,-0.09082114558734744,16.9228582013784,,-0.13176019221713786,8.09086059328884,,-0.06581165823963953,16.7926100130529,,0.06383593461720771
263,DMA2007,Dominica,DMA,2007,6.106715294,3.43868757,1.2888500142137205,,,,,,3.237836144,0.6450152349999998,0.2487696827656214,13.0123300827425,0.07129694953999888,0.005509370759361865,7.48313114077821,0.6646475712032496,0.09747732973486968,16.372609640808694,-0.5502485605697025,-0.0325151079103696,8.48547891853452,0.3946183252456805,0.04877334378656895,17.0966310339956,0.3040210209426988,0.01810445313184683
264,DMA2008,Dominica,DMA,2008,6.933852575,0.8271372810000006,0.13544716614063934,,,,,,6.334754545,3.0969184010000004,0.9564778028495566,,,,,,,,,,,,,,,
265,DMA2009,Dominica,DMA,2009,-1.3848196659999998,-8.318672241,-1.1997186486186575,,,,,,0.029933034,-6.304821511,-0.9952747918191044,,,,,,,,,,,,,,,
266,DMA2010,Dominica,DMA,2010,0.375203641,1.760023307,-1.2709404337705297,,,,,,3.20744344,3.177510406,106.1539704261185,11.1085028215133,,-0.14630948101709595,7.78517449622491,,0.04036323161580846,13.5285036044467,,-0.17371122250866278,8.8653696615877,,0.04476951114961802,7.236018681618731,,-0.5767576274395609
267,DMA2011,Dominica,DMA,2011,-0.617745189,-0.99294883,-2.646426424204129,,,,,,2.387630979,-0.8198124610000002,-0.2555968566042742,,,,,,,,,,,,,,,
268,DMA2012,Dominica,DMA,2012,-1.517450839,-0.8997056500000001,1.4564348958450568,,,,,,1.3567714780000002,-1.0308595009999997,-0.43174992704766707,12.2148348914826,,0.0995932654242766,9.582993865793233,,0.2309285900322591,14.3730564998899,,0.06242766533067301,9.153672337026581,,0.03252009633484931,7.087874045157159,,-0.020473224708208115
269,DMA2013,Dominica,DMA,2013,0.275138637,1.7925894759999998,-1.181316343125367,,,,,,-0.046411647,-1.4031831250000002,-1.0342074164681103,,,,,,,,,,,,,,,
270,DMA2014,Dominica,DMA,2014,3.645828792,3.370690155,12.250879017765868,,,,,,0.7991397640000001,0.8455514110000001,-18.218517670790696,,,,,,,,,,,,,,,
271,DMA2015,Dominica,DMA,2015,-2.2777587980000003,-5.92358759,-1.6247574770921935,,,,,,-0.786338877,-1.585478641,-1.9839816668164196,,,,,,,,,,,,,,,
272,DMA2016,Dominica,DMA,2016,0.3672581270000001,2.645016925,-1.161236618786183,,,,,,0.231336293,1.01767517,-1.2941941442378921,,,,,,,,,,,,,,,
274,DOM1997,Dominican Republic,DOM,1997,6.226679517999999,0.9191483179999986,0.17317812809089062,-0.19699858999999972,-0.0030864460345839677,15.60000038,-1.1000003800000009,-0.06586828322994642,8.296567547999999,2.8972736979999985,0.5366023369889377,,,,,,,,,,,,,,,
275,DOM1998,Dominican Republic,DOM,1998,5.29635151,-0.9303280079999992,-0.14940997128736433,-0.1609993000000003,-0.002530241981653969,14.39999962,-1.2000007600000018,-0.0769231237672574,4.831665586000001,-3.464901961999998,-0.4176307782650742,,,,,,,,,,,,,,,
276,DOM1999,Dominican Republic,DOM,1999,5.034859639,-0.2614918710000005,-0.04937207632580276,-0.1620025599999977,-0.0025524674326384837,13.80000019,-0.5999994299999987,-0.041666628182869266,6.470541868,1.6388762819999991,0.33919489104310685,,,,,,,,,,,,,,,
277,DOM2000,Dominican Republic,DOM,2000,4.009187378,-1.0256722609999995,-0.2037141717030495,-0.13800049000000314,-0.002179861495918201,14.19999981,0.3999996199999991,0.028985479311069318,7.724135662,1.2535937940000004,0.19373861101179732,,,,,,,,,,,,,,,
278,DOM2001,Dominican Republic,DOM,2001,0.234715263,-3.774472115,-0.9414556515148242,0.3000030500000008,0.004749213317909007,15.69999981,1.5,0.10563380423031156,8.883068488,1.1589328259999991,0.15004045458465165,8.10597369109211,,,5.42017985230876,,,11.5446626256653,,,5.13049561512529,,,4.7217668276637985,,
286,DOM2009,Dominican Republic,DOM,2009,-0.410140874,-2.204103991,-1.228622801725081,-1.4110031100000033,-0.02209110523468305,14.89999962,0.6999998099999996,0.049295761927196764,1.442151318,-9.202469782,-0.8645183041789999,,,,,,,,,,,,,,,
287,DOM2010,Dominican Republic,DOM,2010,6.891948697999999,7.302089571999999,-17.80385724735155,1.3930015500000008,0.02230194173261446,12.39999962,-2.5,-0.16778523917841548,6.329932201,4.8877808830000005,3.389228870780673,6.58453064625654,,-0.26338946263440344,5.84170142534574,,-0.19801869732696573,9.09449469665241,,-0.348198706451485,3.81186318139612,,-0.20923252139247892,4.24974836732301,,-0.484169808872348
291,DOM2014,Dominican Republic,DOM,2014,6.320988449,2.86609086,0.8295733190834098,-0.1279983499999986,-0.001956293819822208,14.5,-0.5200004600000003,-0.034620535557560166,2.998642261,-1.832308706,-0.3792853039735685,,,,,,,,,,,,,,,
292,DOM2015,Dominican Republic,DOM,2015,5.794984838,-0.5260036110000001,-0.0832154045595852,0.007995610000008924,0.000122442377511911,14.39700031,-0.10299969000000077,-0.0071034268965517455,0.8367463470000001,-2.161895914,-0.7209582623834034,7.71143997570583,,0.21129326716172447,5.19338425492418,,-0.13886062746909922,12.0600137231446,,0.12863951391192074,4.206495585631791,,0.19429598614404295,9.412925245371179,,1.1069740705414377
311,ECU2013,Ecuador,ECU,2013,3.325690087,-0.6561705569999998,-0.16478993507438278,-0.34900284000000426,-0.005440503027073772,4.150000095,0.030000208999999774,0.007281604327694868,2.738631757,-2.362021723,-0.4630821780506447,,,,,,,,,,,,,,,
312,ECU2014,Ecuador,ECU,2014,2.413080658,-0.9126094289999996,-0.27441204836474586,0.3139991699999953,0.0049216171432668885,3.799999952,-0.3500001430000004,-0.084337381924807,3.57312785,0.8344960930000003,0.3047127788783617,7.02946359726537,,0.101838647274477,5.50292057638895,,0.3532599389736679,10.654045920314301,,0.054419748293844,3.59939569446346,,0.07181735180075699,6.695450254834441,,-0.14762361535093949
316,GRD1997,Grenada,GRD,1997,4.676948953,0.7992658869999998,0.20611944643131386,,,,,,1.24452783,-0.7878238909999999,-0.3876415105021086,,,,,,,,,,,,,,,
317,GRD1998,Grenada,GRD,1998,11.53673068,6.8597817270000006,1.4667215306251813,,,,,,1.377693304,0.13316547400000012,0.10700080045618597,,,,,,,,,,,,,,,
318,GRD1999,Grenada,GRD,1999,6.76824734,-4.76848334,-0.4133305589135933,,,,,,0.5774276389999999,-0.8002656650000002,-0.5808735969584129,16.197526209890402,,-0.12799365104986582,18.366725524202,,-0.2481382068034877,16.778024835976602,,-0.1632440200967621,12.5517820138383,,-0.18235482192985109,14.8888019919155,,0.440485124009111
319,GRD2000,Grenada,GRD,2000,4.705259601,-2.0629877390000004,-0.3048038340454621,,,,,,2.181818182,1.6043905429999998,2.778513591380062,11.3127131429267,-4.8848130669637015,-0.3015777226513131,6.92897883194004,-11.43774669226196,-0.6227428333477483,14.6184566086144,-2.1595682273622017,-0.12871409170473436,8.05768913284537,-4.49409288099293,-0.3580442104585793,14.1792783797484,-0.7095236121671,-0.047654849097487184
320,GRD2001,Grenada,GRD,2001,-2.245154083,-6.950413684,-1.477158387291286,,,,,,3.140993052,0.95917487,0.4396218153800315,15.814430358787599,4.501717215860898,0.3979343557098509,17.3007009257583,10.37172209381826,1.4968615643633432,16.5209075185534,1.9024509099390008,0.13014033976869488,12.1067317381394,4.04904260529403,0.5025066788428225,14.5648619394815,0.3855835597330993,0.027193454378031667
321,GRD2002,Grenada,GRD,2002,3.183035888,5.428189971,-2.417736052995878,,,,,,-0.428006934,-3.568999986,-1.136264845835132,12.0446831008492,-3.7697472579383984,-0.23837388843055385,7.95184544237347,-9.34885548338483,-0.5403743769401681,14.709441149642501,-1.8114663689108996,-0.10964690449822913,8.15605882085295,-3.9506729172864494,-0.3263203482770489,13.9005924059988,-0.6642695334826989,-0.04560767800222254
322,GRD2003,Grenada,GRD,2003,9.169931011000001,5.986895123000001,1.880875784520844,,,,,,2.230087619,2.658094553,-6.2104006777609815,11.4314308125107,-0.6132522883385008,-0.050914771538926096,7.92101899671744,-0.03082644565602965,-0.003876640445218293,13.9031977957903,-0.8062433538522011,-0.05481128383125533,8.42365544460181,0.26759662374885984,0.03280955049817491,14.0929384386049,0.19234603260609973,0.013837254340548277
323,GRD2004,Grenada,GRD,2004,-0.91940779,-10.089338801,-1.1002633268338773,,,,,,2.225019974,-0.00506764500000001,-0.002272397262253034,,,,,,,,,,,,,,,
324,GRD2005,Grenada,GRD,2005,12.95068087,13.87008866,-15.085894214579149,,,,,,3.525018553,1.2999985790000004,0.5842637792877632,,,,,,,,,,,,,,,
325,GRD2006,Grenada,GRD,2006,-4.305862942,-17.256543812,-1.3324815880510537,,,,,,4.2560492939999985,0.7310307409999992,0.20738351586202253,11.804663466544199,,0.03264968840339999,8.79685989389057,,0.11057174557163507,13.830273025907099,,-0.005245179630925079,8.24932481845655,,-0.02069536524751581,16.1062113104479,,0.14285685562409234
326,GRD2007,Grenada,GRD,2007,5.815487376,10.121350318,-2.3505974189923484,,,,,,3.860670607,-0.3953786869999996,-0.09289805161735032,12.6258300835879,0.8211666170437013,0.06956289938895632,9.064918129341713,0.2680582354511412,0.03047203646352359,15.4638985692663,1.6336255433592015,0.11811954401037973,8.26015935088212,0.01083453242556942,0.0013133841452488415,16.1127615369401,0.0065502264921981634,0.00040668946693567243
327,GRD2008,Grenada,GRD,2008,0.614917652,-5.200569724,-0.8942620605561435,,,,,,8.032255793,4.171585186000001,1.0805338270600613,12.720397899034701,0.09456781544680126,0.00749002757210615,8.27110699541668,-0.7938111339250309,-0.08756958668557513,16.018507264920302,0.5546086956540021,0.03586473961723069,8.28807913965532,0.027919788773200338,0.0033800544986120067,15.7255941995258,-0.38716733741429904,-0.02402861461870953
328,GRD2009,Grenada,GRD,2009,-6.941623435,-7.556541087,-12.288704125540376,,,,,,-0.309006161,-8.341261953999997,-1.0384706574296718,,,,,,,,,,,,,,,
329,GRD2010,Grenada,GRD,2010,-0.873382368,6.068241067000001,-0.8741818284759781,,,,,,3.436509059,3.74551522,-12.121166800942845,,,,,,,,,,,,,,,
330,GRD2011,Grenada,GRD,2011,0.383151294,1.256533662,-1.4386982243268736,,,,,,3.033472803,-0.4030362559999996,-0.11728071978872667,,,,,,,,,,,,,,,
331,GRD2012,Grenada,GRD,2012,-1.535751848,-1.9189031419999998,-5.0082126096121184,,,,,,2.41077704,-0.6226957629999998,-0.2052748791366038,,,,,,,,,,,,,,,
332,GRD2013,Grenada,GRD,2013,1.938674264,3.4744261119999997,-2.262361667690469,,,,,,-0.044228555,-2.4550055950000003,-1.0183461822749067,,,,,,,,,,,,,,,
333,GRD2014,Grenada,GRD,2014,6.901543645,4.962869381,2.55992946992564,,,,,,-0.946757299,-0.902528744,20.406019233501976,,,,,,,,,,,,,,,
334,GRD2015,Grenada,GRD,2015,5.768286275,-1.13325737,-0.16420346349921544,,,,,,-0.62154377,0.325213529,-0.3435025315817501,,,,,,,,,,,,,,,
335,GRD2016,Grenada,GRD,2016,1.385920736,-4.382365538999999,-0.7597344046520993,,,,,,1.721291783,2.342835553,-3.769381443562696,,,,,,,,,,,,,,,
337,GTM1997,Guatemala,GTM,1997,2.05435293,1.3999213640000001,2.139140953356764,0.26700211,0.004404449235994257,2.575000048,-1.1729998590000001,-0.31296688583402354,9.232902949,-1.8240135810000009,-0.16496584522918534,6.8025835646364285,,,3.46586765777915,,,10.656330839862902,,,4.6064268041061,,,7.12550931545956,,
356,GTM2016,Guatemala,GTM,2016,1.01538774,-1.01736937,-0.5004874241959976,0.2360000600000021,0.003839147246539998,2.377000093,-0.04299998300000008,-0.017768587458507182,4.448441999,2.059721671,0.8622699136673482,,,,,,,,,,,,,,,
358,GUY1997,Guyana,GUY,1997,6.415654104,-1.3870976670000008,-0.17777031843500898,0.06399918000000326,0.0010742983902407577,11.63700008,0.2519998500000007,0.02213437372938909,3.555670906,-3.539041067,-0.4988280116893197,,,,,,,,,,,,,,,
359,GUY1998,Guyana,GUY,1998,-1.376844954,-7.792499058,-1.2146071050092258,0.19899749999999727,0.0033368126587471907,11.6239996,-0.013000480000000536,-0.0011171676472138128,4.586466165,1.030795259,0.2899017615102089,,,,,,,,,,,,,,,
360,GUY1999,Guyana,GUY,1999,3.334437422,4.711282376000001,-3.42179586910844,0.11000061000000017,0.001838368418410674,11.56599998,-0.057999619999998586,-0.004989644012031724,7.538219399,2.951753234,0.6435789838645849,15.1996087381794,,,12.106442527462402,,,18.1014927508122,,,6.16471818436384,,,15.9886658270256,,
365,GUY2004,Guyana,GUY,2004,3.3220964110000004,4.3237966519999995,-4.316457633756325,-0.08200072999999719,-0.0013615050994326696,11.26599979,-0.2610006399999989,-0.022642546218764936,4.668466223999999,-1.312511917000001,-0.21944770337859046,,,,,,,,,,,,,,,
366,GUY2005,Guyana,GUY,2005,-1.864736191,-5.186832602000001,-1.5613130867682092,-0.08499909000000372,-0.0014132126845873838,10.22700024,-1.0389995499999998,-0.09222435375174097,6.925543039,2.2570768150000005,0.483472880963913,,,,,,,,,,,,,,,
367,GUY2006,Guyana,GUY,2006,5.31824214,7.182978330999999,-3.8520077883767527,0.07199860000000058,0.0011987579130721127,10.69999981,0.4729995699999989,0.0462500790945517,6.578572668,-0.3469703710000003,-0.05010009598468978,11.1535068931234,,-0.029791295631717674,6.53324412687204,,0.024730765847650767,14.1688006409392,,-0.032816978389309415,6.69937585056053,,-0.02123811448683777,14.128228839382501,,-0.04843037974635045
375,GUY2014,Guyana,GUY,2014,3.1183478210000004,-1.410666181,-0.3114731330874785,-0.02899932999999777,-0.0004860358594291903,11.82699966,0.4629993399999997,0.04074263700830305,0.920769724,-0.91168087,-0.497520027544055,,,,,,,,,,,,,,,
376,GUY2015,Guyana,GUY,2015,2.48695055,-0.6313972710000004,-0.202478141388834,-0.10700226000000156,-0.0017942561061629059,11.60200024,-0.2249994199999996,-0.019024218015408326,-0.95739682,-1.8781665440000002,-2.039778779694108,11.387214165580804,,-0.044637264135707455,5.4328483111760315,,-0.2266070966808367,14.541892603285902,,-0.060854611732535376,7.2061394884518215,,0.009417971593661756,10.760398759151599,,-0.015701495541121546
390,HND2008,Honduras,HND,2008,2.051207504,-1.842435029,-0.4731905955373946,0.8170013400000045,0.013110829783548716,3.099999905,0.1999998099999996,0.06896544946492478,11.4062209,4.470006191,0.6444446111508053,,,,,,,,,,,,,,,
391,HND2009,Honduras,HND,2009,-4.403183848,-6.454391352000001,-3.14663013830316,0.8129997200000005,0.012877775460722551,3.299999952,0.20000004700000007,0.06451614617065604,5.492025278,-5.914195622,-0.5185061444847172,6.706093894315162,,0.0305866344796073,2.9934754174340803,,-0.08418972026941851,8.260045087627361,,-0.007001051828878779,3.80618745731464,,-0.017411935384984426,11.838685884916,,0.12839792457358712
395,HND2013,Honduras,HND,2013,0.985254206,-1.2575558759999999,-0.5607054677044208,0.3779983499999986,0.005832857776279843,3.910000086,-0.02199983599999955,-0.005595075390746551,5.161898986000001,-0.03428716899999973,-0.006598525914435771,,,,,,,,,,,,,,,
396,HND2014,Honduras,HND,2014,1.286505407,0.301251201,0.3057598731022317,0.32099913999999785,0.00492458381171379,5.5,1.5899999139999998,0.4066495854291907,6.129249303,0.9673503169999992,0.1874020238721501,,,,,,,,,,,,,,,
397,HND2015,Honduras,HND,2015,1.887147132,0.600641725,0.4668785080356837,0.1240005500000052,0.0018930226270861274,7.380000113999999,1.880000114,0.3418182025454544,3.15783118,-2.9714181230000003,-0.4847931575479595,,,,,,,,,,,,,,,
398,HND2016,Honduras,HND,2016,1.880914685,-0.006232446999999919,-0.0033025760918783398,0.13899994000000504,0.0021179975543168528,6.28399992,-1.0960001939999993,-0.14850950908806435,2.724612233,-0.4332189469999999,-0.1371887609900666,,,,,,,,,,,,,,,
400,JAM1997,Jamaica,JAM,1997,-2.089529068,-1.018532343,0.9510134991309144,-1.2189941399999924,-0.016929534154282666,16.5,0.5,0.03125,9.657552613,-16.749103997,-0.6342758284158261,,,,,,,,,,,,,,,
401,JAM1998,Jamaica,JAM,1998,-3.252352557,-1.162823489,0.5565002692750287,-1.3560028100000068,-0.01915663968194825,15.5,-1.0,-0.06060606060606055,8.63189613,-1.0256564830000006,-0.10620252605399916,,,,,,,,,,,,,,,
402,JAM1999,Jamaica,JAM,1999,0.145874074,3.3982266310000004,-1.0448518638257829,-0.6389999299999971,-0.009203645770166635,15.69999981,0.1999998099999996,0.01290321354838708,5.954239491,-2.6776566389999994,-0.3102049189046485,16.6689547234006,,-0.06604596634994908,14.3471867855166,,-0.10801959188017952,17.414682419777694,,-0.09174600327037696,14.106310398921499,,-0.024833366248049216,16.0345732525251,,0.1791206391882232
408,JAM2005,Jamaica,JAM,2005,0.309463186,-0.41028008899999996,-0.5700367106590889,0.060005189999998265,0.0009104386813885147,10.89999962,-0.5,-0.04385965058479535,15.2960432,1.6703658499999996,0.12258956432723678,,,,,,,,,,,,,,,
409,JAM2006,Jamaica,JAM,2006,2.317356713,2.007893527,6.488311430361866,0.08300017999999909,0.0012581884713953606,9.600000381000001,-1.299999238999998,-0.11926598938725452,8.591976124,-6.704067075999999,-0.4382876661854616,8.983404153918368,,-0.04773034284521205,4.07510960779324,,-0.12308965123532745,13.508507716457,,0.04771647404204105,5.06377901994356,,-0.0015768227926511447,5.32338909276889,,-0.2712523798537064
411,JAM2008,Jamaica,JAM,2008,-1.333729825,-2.210624653,-2.520968971891348,0.0820007300000043,0.0012398054241953282,10.60000038,1.3000001890000004,0.1397849636882873,22.02092769,12.727672533,1.3695602152291144,,,,,,,,,,,,,,,
412,JAM2009,Jamaica,JAM,2009,-4.809098959,-3.4753691339999997,2.605751981290513,-2.083000179999999,-0.03145480620074026,11.39999962,0.7999992399999982,0.07547162370950766,9.573787278,-12.447140412000001,-0.5652414188550474,,,,,,,,,,,,,,,
413,JAM2010,Jamaica,JAM,2010,-1.928138113,2.8809608460000002,-0.5990645795733562,-1.212001800000003,-0.018896487334286397,12.39999962,1.0,0.0877193011695907,12.60950824,3.035720962000002,0.317086736298801,9.69637243776677,,0.08685322149824093,5.26754381214627,,0.22200416547219534,13.0332693011288,,0.1251099648534979,7.7824551437156915,,0.05466943130069391,5.3808164081795,,0.19770390266606164
417,JAM2014,Jamaica,JAM,2014,0.332947695,0.210450981,1.7180132766663436,0.1759948699999967,0.002724716097660007,13.69999981,-1.5500001900000004,-0.10163935672131152,8.290005777000001,-1.0543970569999992,-0.11283728620554878,,,,,,,,,,,,,,,
418,JAM2015,Jamaica,JAM,2015,0.6502122229999999,0.31726452799999993,0.9528960036800972,0.08100127999999529,0.001250637395417975,13.30799961,-0.3920002,-0.028613153681496306,3.677171055,-4.6128347220000006,-0.5564332337135355,10.524378065149,,-0.09853317624594504,5.37626726349632,,-0.3649851361207991,14.3112821001089,,0.021349585889475664,7.734361645682759,,-0.36382965595484384,5.61111940536254,,-0.2380010267886984
419,JAM2016,Jamaica,JAM,2016,1.043585451,0.3933732280000001,0.6049920534945097,0.22499848000001066,0.003469575219358756,13.25800037,-0.04999924,-0.00375708156486787,2.349420027,-1.3277510280000002,-0.3610794842395495,,,,,,,,,,,,,,,
421,KNA1997,St. Kitts and Nevis,KNA,1997,5.74316173,1.0337047889999995,0.2194955388594133,,,,,,8.905183391,6.818609539,3.2678496054497668,,,,,,,,,,,,,,,
422,KNA1998,St. Kitts and Nevis,KNA,1998,-1.7230190369999998,-7.466180766999999,-1.300012278602504,,,,,,3.44635866,-5.458824731,-0.6129940834814189,,,,,,,,,,,,,,,
423,KNA1999,St. Kitts and Nevis,KNA,1999,2.2190824030000003,3.94210144,-2.2879035897732796,,,,,,3.363036304,-0.08332235600000004,-0.02417692533486926,17.8734921507035,,-0.17141282381756984,23.9179728634445,,-0.10916773806605562,18.4398203417367,,-0.17340890298062894,13.5055641691676,,-0.23606479764186414,15.3463877514837,,-0.015513702206209625
424,KNA2000,St. Kitts and Nevis,KNA,2000,9.352543922,7.133461519000001,3.2145996513496757,,,,,,2.148855327,-1.2141809770000005,-0.3610371305108576,13.1102053269018,-4.763286823801698,-0.2665000652160868,8.64422262570853,-15.273750237735973,-0.638588827110842,16.7512242792504,-1.6885960624862977,-0.09157334676761077,8.17803167951852,-5.32753248964908,-0.394469451473306,9.481416216054699,-5.864971535429001,-0.3821727712348446
425,KNA2001,St. Kitts and Nevis,KNA,2001,4.051172093,-5.301371829000001,-0.5668374159173503,,,,,,2.303447483,0.15459215600000056,0.07194163053118396,12.610546638331401,-0.4996586885703991,-0.03811219398258492,8.39055265278509,-0.25366997292344,-0.02934560849566825,16.790043430703097,0.038819151452695884,0.0023173918995749165,7.315227534954902,-0.8628041445636194,-0.10550266596844693,8.534384182172529,-0.94703203388217,-0.0998829723642528
426,KNA2002,St. Kitts and Nevis,KNA,2002,1.1503625,-2.900809593,-0.7160420555849243,,,,,,2.041091026,-0.2623564570000001,-0.11389730347066918,13.6812867160959,1.0707400777644995,0.08490830005020134,8.2675347728884,-0.12301787989668965,-0.0146614752314147,17.9382950811735,1.1482516504704032,0.06838884337670348,7.99987673837595,0.6846492034210492,0.09359233190622418,7.836292794739308,-0.6980913874332195,-0.08179751139999791
427,KNA2003,St. Kitts and Nevis,KNA,2003,-4.970121466,-6.120483966,-5.320482861706637,,,,,,2.235436644,0.19434561799999986,0.0952165364133053,13.705654369032901,0.024367652937000276,0.001781093653152599,8.28960623258961,0.022071459701210827,0.0026696542932711513,17.4266786969547,-0.5116163842188008,-0.028520903569913325,7.74667467447145,-0.2532020639045003,-0.031650745653351464,8.804296017404198,0.9680032226648888,0.1235282100886701
428,KNA2004,St. Kitts and Nevis,KNA,2004,2.170424936,7.140546402000001,-1.436694545766661,,,,,,2.314554622,0.07911797799999976,0.03539262819742861,,,,,,,,,,,,,,,
429,KNA2005,St. Kitts and Nevis,KNA,2005,7.339379572999999,5.168954637,2.3815403846797683,,,,,,3.37781904,1.0632644180000002,0.4593818646117052,,,,,,,,,,,,,,,
430,KNA2006,St. Kitts and Nevis,KNA,2006,0.572740531,-6.766639042,-0.9219633587139996,,,,,,8.467980332,5.090161292,1.5069372372298546,13.9113153129712,,0.015005554525216791,8.5175761968858,,0.027500698814854733,18.6652295735314,,0.07107211294330784,8.28712303932322,,0.0697652073389341,9.25511747709235,,0.051204714016540816
431,KNA2007,St. Kitts and Nevis,KNA,2007,-1.325502425,-1.898242956,-3.3143157385521227,,,,,,4.513026439,-3.9549538930000003,-0.4670480726147251,14.0042164080221,0.09290109505089994,0.006678095705607179,8.02628960859962,-0.4912865882861794,-0.05767915389659839,19.227443462812893,0.5622138892814981,0.030120920134770524,8.41263474499935,0.12551170567613035,0.015145389428944831,9.422737050139359,0.16761957304700914,0.01811101517208069
432,KNA2008,St. Kitts and Nevis,KNA,2008,5.132528317,6.458030742,-4.872138006084749,,,,,,5.338104135,0.8250776960000001,0.18282137433762105,15.177514095799198,1.173297687777099,0.08378174498253199,8.956182336803241,0.9298927282036208,0.11585586535617964,19.627904573796695,0.4004611109838017,0.020827579691409248,8.240267192944469,-0.1723675520548813,-0.020489128231478304,8.8825225826151,-0.5402144675242582,-0.057330950089100614
433,KNA2009,St. Kitts and Nevis,KNA,2009,-4.0758702210000015,-9.208398537999999,-1.7941252282037825,,,,,,2.034306199,-3.303797936,-0.6189084836952137,15.1114541200429,-0.06605997575629807,-0.004352489830635853,9.19058222464151,0.2343998878382685,0.02617185303106884,18.958884316882802,-0.6690202569138961,-0.03408515944218726,8.1928384140275,-0.04742877891696829,-0.005755733134184982,8.54586387438146,-0.3366587082336405,-0.03790124990985666
434,KNA2010,St. Kitts and Nevis,KNA,2010,-3.311261722,0.7646084990000008,-0.18759392658297314,,,,,,0.50550031,-1.528805889,-0.7515121812790583,14.5717774544171,-0.5396766656257999,-0.035713086334293036,8.75566056340857,-0.4349216612329396,-0.04732253633146777,18.783778855204602,-0.17510546167819996,-0.009236063618061618,8.94895798911562,0.7561195750881193,0.09229030732420118,8.46935031463968,-0.07651355974178031,-0.008953285573755744
435,KNA2011,St. Kitts and Nevis,KNA,2011,1.294133315,4.605395037,-1.390827854651835,,,,,,5.835165196,5.329664886000001,10.5433464244562,14.2003160100316,-0.3714614443855009,-0.025491841715775117,8.803058558510289,0.047397995101718486,0.005413411673335311,18.2469601019502,-0.5368187532544013,-0.028578847599968427,9.16303208907413,0.2140740999585109,0.023921678950653558,8.627260239668221,0.15790992502854095,0.018644868751690025
436,KNA2012,St. Kitts and Nevis,KNA,2012,-1.706227771,-3.0003610860000003,-2.31843276981089,,,,,,0.8160892820000001,-5.019075914,-0.8601429000571519,,,,,,,,,,,,,,,
437,KNA2013,St. Kitts and Nevis,KNA,2013,5.065178401,6.771406172000001,-3.968641401277485,,,,,,1.10698554,0.29089625799999985,0.3564515113923525,,,,,,,,,,,,,,,
438,KNA2014,St. Kitts and Nevis,KNA,2014,4.839125291,-0.2260531099999996,-0.044628854524723316,,,,,,0.247865392,-0.8591201479999999,-0.7760897653640535,,,,,,,,,,,,,,,
439,KNA2015,St. Kitts and Nevis,KNA,2015,2.713585024,-2.1255402670000003,-0.4392405939464237,,,,,,-2.30187563,-2.549741022,-10.28679720644502,,,,,,,,,,,,,,,
440,KNA2016,St. Kitts and Nevis,KNA,2016,2.562354269,-0.15123075499999986,-0.055730980847276346,,,,,,-0.690142376,1.6117332540000002,-0.7001825958772586,,,,,,,,,,,,,,,
442,LCA1997,St. Lucia,LCA,1997,-2.198382526,-3.742500844,-2.4237137791665004,0.3419952400000028,0.005079313146967746,20.5,4.200000760000002,0.2576687702962128,-0.005520287,-0.9303628970000001,-1.005968893453125,,,,,,,,,,,,,,,
443,LCA1998,St. Lucia,LCA,1998,4.916797118,7.115179644,-3.2365521285989334,0.06400299000000588,0.0009457685235068071,21.60000038,1.1000003800000009,0.05365855512195128,3.201943417,3.207463704,-581.032055760869,,,,,,,,,,,,,,,
444,LCA1999,St. Lucia,LCA,1999,1.356694992,-3.5601021260000003,-0.7240693566482033,0.3199996999999968,0.004724149317431037,18.10000038,-3.5,-0.1620370341863855,3.5037978410000004,0.3018544240000005,0.09427225428075103,16.2993865973731,,-0.11974511061830663,20.1149412681903,,-0.08030188984456432,17.2756346479352,,-0.15765032678970736,13.391837724187301,,-0.13049314182439742,10.583575348821,,0.2651691825403424
449,LCA2004,St. Lucia,LCA,2004,6.800791594,2.885195685,0.7368471497195039,-0.02000427000000116,-0.0002851804655878976,21.0,-1.2000007600000018,-0.054054086437788085,1.460368144,0.42611442,0.4120018232586029,,,,,,,,,,,,,,,
450,LCA2005,St. Lucia,LCA,2005,-1.378311453,-8.179103047,-1.2026692678270006,-0.024002069999994543,-0.00034227062984115714,18.70000076,-2.2999992399999982,-0.1095237733333333,3.910769658,2.450401514,1.6779341045390541,13.761676134384501,,0.07716431581165684,8.843972762683778,,0.132151942094483,17.3193419306034,,0.04147266608482258,7.02108900982389,,-0.0925070828393405,9.99404160232147,,-0.044749633834482605
453,LCA2008,St. Lucia,LCA,2008,2.987850486,3.1626889639999995,-18.089204391266772,-0.08699799000000041,-0.0012654069132954635,12.72000027,-1.27999973,-0.09142855214285717,7.175961687,4.103323832,1.3354401090004149,,,,,,,,,,,,,,,
454,LCA2009,St. Lucia,LCA,2009,-1.408113964,-4.39596445,-1.4712799286972085,-0.0880050599999862,-0.001281676833984835,15.36999989,2.649999620000001,0.2083332990369504,-1.672072072,-8.848033759,-1.2330101727032814,,,,,,,,,,,,,,,
455,LCA2010,St. Lucia,LCA,2010,-2.586059637,-1.177945673,0.8365414328069258,-0.07599640000000818,-0.0011082070110469688,20.63800049,5.268000599999999,0.3427456498179584,3.250344092,4.922416164,-2.9439019085536167,5.924716320575699,,-0.48742054203660495,8.953152145065859,,-0.12968477248694446,10.4371823008235,,-0.2034444350761452,9.35890651631644,,0.33285578787347125,5.04448084881396,,-0.4125642843876536
460,LCA2015,St. Lucia,LCA,2015,1.473234897,1.534418198,-25.079035830381237,0.04000091000000339,0.0005752215914696103,20.56500053,-1.6700000800000012,-0.07510681511962425,-0.984309204,-4.5027873860000005,-1.2797542440466383,,,,,,,,,,,,,,,
461,LCA2016,St. Lucia,LCA,2016,0.240788957,-1.23244594,-0.8365576613136663,0.048995969999992894,0.0007041674146501807,19.75900078,-0.8059997499999979,-0.039192790139937705,-3.09324257,-2.108933366,2.142551707766008,,,,,,,,,,,,,,,
482,MEX2016,Mexico,MEX,2016,0.979629629,-0.2888781639999999,-0.2277306971183897,0.04899978999999632,0.00078796798135361,4.014999866,-0.32100009999999995,-0.07403138895688821,2.821707752,0.10106648899999993,0.03714803946204803,,,,,,,,,,,,,,,
503,NIC2016,Nicaragua,NIC,2016,3.546306542,-0.1336974419999999,-0.03633078729840855,0.1970062299999995,0.003066674526382762,5.892000198,0.282000064,0.05026738988666124,3.519937252,-0.4791645719999997,-0.11981804742364065,,,,,,,,,,,,,,,
505,PAN1997,Panama,PAN,1997,4.3124407510000005,2.3399062750000006,1.186243537676956,0.04199981000000008,0.0006731493749281281,13.39999962,-1.1000003800000009,-0.07586209517241382,1.324351221,0.06863460999999993,0.05465772245008549,10.6204024236863,,,7.83933306896815,,,14.3567266237985,,,9.40279703441612,,,3.57846743647604,,
522,PAN2014,Panama,PAN,2014,4.273348509,-0.5306956730000003,-0.11046852462107526,-0.2379989700000067,-0.0036210230116555664,4.820000172,0.7200002670000005,0.17560982528852054,2.637829357,-1.389330559000001,-0.34499016378270897,,,,,,,,,,,,,,,
523,PAN2015,Panama,PAN,2015,4.038185368,-0.2351631410000001,-0.05503018078322619,-0.054000849999994216,-0.000824578956940436,5.346000195,0.5260000229999999,0.1091286315829616,0.125526143,-2.512303214,-0.95241309197394,5.412997107695579,,-0.1158711402368312,4.06091640637908,,-0.17054188688335625,7.47361217179381,,-0.003567615129635993,0.7465046103351299,,-0.8395542564573284,6.01432174857928,,-0.7141976044169214
524,PAN2016,Panama,PAN,2016,3.1954647030000003,-0.8427206649999994,-0.2086879596162212,-0.034996030000002065,-0.0005348212929620066,5.815000057000001,0.4689998620000004,0.0877291142710106,0.7460265970000001,0.6205004540000001,4.943197003989837,,,,,,,,,,,,,,,
526,PER1997,Peru,PER,1997,4.819969712,3.713126285,3.35469877168092,1.9609985299999977,0.028904949116939305,7.690000057000001,0.6199998850000004,0.08769446533473158,8.56218949,-2.97575292,-0.25791019007174953,12.701406013533301,,,12.1365097491342,,,12.968424062581803,,,12.8469619716164,,,13.251579570825601,,
541,PER2012,Peru,PER,2012,4.735588074,-0.2112689220000004,-0.042707707574896836,0.09999847000001694,0.0013408574388065198,3.599999905,-0.30000019000000044,-0.0769231237672574,3.653732359,0.28304733399999993,0.08397323745786656,,,,,,,,,,,,,,,
542,PER2013,Peru,PER,2013,4.443897134,-0.2916909399999996,-0.06159550523439373,-1.0490036000000202,-0.01404702295634841,4.0,0.4000000950000002,0.11111114043209967,2.8165028210000003,-0.8372295379999994,-0.22914364155264602,1.86163823216586,,-0.010033047696086372,0.421628853761373,,-0.11601822753263967,3.95517703934375,,0.02547798207842078,1.62101524594154,,0.023140387438981724,0.545602634243448,,-0.5970780641678641
545,PER2016,Peru,PER,2016,2.583981934,0.6599746480000002,0.34302086733365944,0.1669998100000072,0.002254073747036456,4.946000099,0.52300024,0.11824559273629398,3.595722243,0.040325995999999975,0.011342194568053188,,,,,,,,,,,,,,,
587,SLV2016,El Salvador,SLV,2016,1.846230358,0.05452318600000017,0.03043085770491083,0.1609993000000074,0.002565644167870529,6.287000179,0.1119999879999991,0.0181376493175236,0.603938659,1.334572329,-1.826595712458748,,,,,,,,,,,,,,,
589,SUR1997,Suriname,SUR,1997,4.364097781,4.510148805,-30.88063802277757,0.2999992400000053,0.005920531103267068,10.5,-0.3999996199999991,-0.036697214123389,7.145111609,7.8469988599999985,-11.179856663331817,,,,,,,,,,,,,,,
590,SUR1998,Suriname,SUR,1998,0.330626182,-4.033471598999999,-0.9242395109845042,0.15100097999999915,0.0029624880425169753,10.60000038,0.10000038000000087,0.009523845714285885,18.9753692,11.830257590999999,1.6557134777431017,,,,,,,,,,,,,,,
591,SUR1999,Suriname,SUR,1999,-2.026422439,-2.357048621,-7.1290440664496435,0.008998869999999215,0.00017602734066657355,13.80000019,3.19999981,0.3018867637059461,98.77309141,79.79772221,4.205331731305654,14.0001671775755,,-0.1615744690385379,11.893553882802902,,-0.05082026296270303,14.8962172700404,,-0.1754931294861305,12.8476475760871,,-0.2992416567481997,10.707933484473902,,-0.10416265226493948
593,SUR2001,Suriname,SUR,2001,3.382233517,4.590508749,-3.799224404692589,0.10700226000000156,0.0020779558993384573,8.607999802,-2.3170003880000003,-0.21208241168918465,38.58628789,-20.81539866,-0.3504176374264916,,,,,,,,,,,,,,,
594,SUR2002,Suriname,SUR,2002,3.154692829,-0.2275406880000004,-0.06727527441742888,0.10899734000000194,0.002112310542907725,14.36900043,5.761000628,0.6692612407659997,15.52739892,-23.05888897,-0.5975928297569129,,,,,,,,,,,,,,,
595,SUR2003,Suriname,SUR,2003,4.862202541,1.707509712000001,0.5412602128180135,0.14800263000000058,0.0028621665564338983,8.118000031000001,-6.251000398999999,-0.4350337679682287,23.00223218,7.47483326,0.48139635611294,,,,,,,,,,,,,,,
596,SUR2004,Suriname,SUR,2004,8.083415916,3.221213375,0.6625008620758728,0.22900008999999244,0.0044159065611630854,9.489999771,1.3719997399999997,0.16900711194392448,9.98632512,-13.01590706,-0.5658540857316048,,,,,,,,,,,,,,,
597,SUR2005,Suriname,SUR,2005,3.456570464,-4.626845452,-0.5723874040480587,0.3309974700000069,0.006354703833231667,8.652999878,-0.8369998930000015,-0.0881980941198488,9.898004896,-0.08832022400000028,-0.008844116623353049,,,,,,,,,,,,,,,
598,SUR2006,Suriname,SUR,2006,2.738250901,-0.7183195629999997,-0.20781279319523796,0.31700133999999736,0.006047566569016728,7.663000107,-0.989999770999999,-0.1144111620198961,11.28130433,1.3832994339999996,0.13975537985023845,,,,,,,,,,,,,,,
599,SUR2007,Suriname,SUR,2007,3.998310949,1.2600600479999997,0.4601696826027994,0.3660011300000008,0.006940383535912975,7.668000221000002,0.005000114000000444,0.0006525008391207178,6.426279345,-4.855024984999999,-0.43036025294426217,11.9391537515199,,-0.018622079410979157,6.31808453312663,,-0.37945293478778463,19.8409930218513,,0.5469908065335443,7.27849845404719,,-0.3892975927550657,13.438293417662699,,0.25394706467600336
600,SUR2008,Suriname,SUR,2008,3.043038162,-0.9552727870000002,-0.2389190833791752,0.3809966999999972,0.0071749437395829405,14.81599998,7.147999759,0.9321856485376854,14.66714274,8.240863394999998,1.282369307741321,,,,,,,,,,,,,,,
601,SUR2009,Suriname,SUR,2009,1.931164291,-1.1118738709999998,-0.3653828219719841,0.34400176999999843,0.006432103886056639,9.020000458,-5.795999522000001,-0.3911986723693287,-0.162987837,-14.830130576999998,-1.0111124463632242,10.782725806195199,,-0.0968601267219198,6.91675432702145,,0.09475495156101643,13.657257753940597,,-0.3116646057533726,7.57357406569396,,0.040540726017836086,12.5406554317874,,-0.06679702235817264
606,SUR2014,Suriname,SUR,2014,-0.623315682,-2.520288837,-1.3285843452012371,0.04000091000000339,0.000734959595832807,6.940000057000001,2.0999999040000006,0.4338842639701877,3.389745726,1.4725468460000002,0.7680720353852908,,,,,,,,,,,,,,,
607,SUR2015,Suriname,SUR,2015,-3.631078159,-3.007762477,4.825424040911584,0.006000519999993514,0.00011017001512980684,8.385000229,1.4450001719999983,0.20821327955790211,6.893897277000001,3.5041515510000005,1.0337505625045815,,,,,,,,,,,,,,,
608,SUR2016,Suriname,SUR,2016,-11.19363512,-7.562556961,2.0827304260183506,-0.014999389999999838,-0.0002753596337009556,9.982000351,1.5970001220000007,0.19045916259807427,52.33561798,45.441720703,6.5915865695600795,,,,,,,,,,,,,,,
610,TTO1997,Trinidad and Tobago,TTO,1997,7.325494361,0.477335762000001,0.06970279018796433,0.2260017400000009,0.0037036108677248603,15.01000023,-1.2399997700000007,-0.0763076781538462,3.626078758,0.22150433000000014,0.06506079825375455,,,,,,,,,,,,,,,
611,TTO1998,Trinidad and Tobago,TTO,1998,7.9649303589999985,0.6394359979999988,0.08728912568744507,0.09600066999999513,0.0015674090301045494,14.21000004,-0.8000001899999987,-0.0532978133072286,5.612709077000001,1.9866303190000003,0.5478729094388854,,,,,,,,,,,,,,,
612,TTO1999,Trinidad and Tobago,TTO,1999,7.834096424,-0.13083393499999918,-0.016426249710038362,-0.10200118999999573,-0.0016627736544223561,13.11999989,-1.0900001499999998,-0.07670655502686398,3.4391359089999995,-2.173573168000001,-0.3872591894896107,17.8510777697912,,1.4866782293065068,13.9815376110035,,2.4796157189007406,20.1485827360301,,0.23084226486589696,15.072727927107,,1.4963082289515386,15.112743507822401,,3.253511653756436
613,TTO2000,Trinidad and Tobago,TTO,2000,6.6308147160000015,-1.2032817079999996,-0.15359546817852646,-0.05400085000000132,-0.0008817616911365178,12.10000038,-1.01999951,-0.0777438657432793,3.555413197,0.11627728800000048,0.03381002992516535,,,,,,,,,,,,,,,
614,TTO2001,Trinidad and Tobago,TTO,2001,3.808627798,-2.8221869180000003,-0.4256169172077949,0.014999379999999009,0.0002451359754558346,10.80000019,-1.3000001900000004,-0.10743802885731812,5.536653263,1.981240066,0.5572460797725951,6.56044782163852,,-0.6324900991277651,1.80244065939115,,-0.8710842319679757,14.678985168479599,,-0.27146314156229245,13.997495539658699,,-0.07133628316308871,1.5880361596758,,-0.8949207231067061
622,TTO2009,Trinidad and Tobago,TTO,2009,-4.842444951,-7.752452981,-2.6640658379901447,-0.7779998799999959,-0.012103108250066108,5.28000021,0.6500000960000003,0.14038878617617254,6.971370604,-5.077126495999999,-0.421390855129973,,,,,,,,,,,,,,,
623,TTO2010,Trinidad and Tobago,TTO,2010,2.819044819,7.661489769999998,-1.5821531989574495,0.2520027200000001,0.003968359393222265,5.929999828,0.6499996179999998,0.12310598336131505,10.54738949,3.5760188860000013,0.5129577939735652,8.61235644211994,,-0.3975100680175935,6.66915435408949,,2.1489954187300087,15.6851351278598,,0.05297893127872455,7.07799490721985,,-0.8845192562241219,6.168182364011001,,5.2207015855391985
627,TTO2014,Trinidad and Tobago,TTO,2014,-1.034328025,-3.181162369,-1.4817921922530972,-0.3219986000000006,-0.0050895995622283205,3.309999943,-0.2799999709999996,-0.07799442275975488,5.6844181460000005,0.4846007410000004,0.0931957227063438,,,,,,,,,,,,,,,
628,TTO2015,Trinidad and Tobago,TTO,2015,-0.987803335,0.046524690000000035,-0.044980595009982534,-0.0810012800000024,-0.001286878490263543,3.390000105,0.08000016199999971,0.02416923364883572,4.658171173,-1.026246973,-0.1805368547213838,,,,,,,,,,,,,,,
629,TTO2016,Trinidad and Tobago,TTO,2016,-5.448571658,-4.460768323,4.515846591062583,-0.11899947999999938,-0.0018929971838556048,3.852999926,0.4629998210000004,0.13657811405879006,3.060468943,-1.5977022300000003,-0.3429891626268926,,,,,,,,,,,,,,,
637,URY2003,Uruguay,URY,2003,0.8700294340000001,8.620613500000001,-1.1122534026585964,-0.9900016799999988,-0.015565329780642182,16.35000038,-0.6499996199999991,-0.03823527176470587,19.37973017,5.407257579999998,0.3869936079795879,,,,,,,,,,,,,,,
638,URY2004,Uruguay,URY,2004,5.052838686,4.182809252,4.807664072661707,0.12900162000000392,0.0020603009302015973,15.232999800000002,-1.1170005799999991,-0.06831807669964096,9.157605075,-10.222125095,-0.5274647791961491,9.30682004067917,,-0.12788887002327254,9.8597217724966,,-0.03459451297786975,15.8581428715166,,0.0801773577217808,9.58673549680441,,-0.0819635449587065,1.5229598038436498,,-0.5719217313933074
652,VCT1997,St. Vincent and the Grenadines,VCT,1997,3.573866389,2.2426931420000003,1.6847492593877231,-0.21800232000001074,-0.003386548961129776,19.89500046,-0.6129989600000023,-0.029890724465409742,0.44361603,-3.9642851080000003,-0.8993588975542944,,,,,,,,,,,,,,,
653,VCT1998,St. Vincent and the Grenadines,VCT,1998,4.168571264,0.5947048749999997,0.1664037796237825,0.1289977999999934,0.002010720948532052,19.4260006,-0.4689998599999967,-0.02357375466982004,2.1424064730000003,1.6987904430000005,3.829416270192041,,,,,,,,,,,,,,,
654,VCT1999,St. Vincent and the Grenadines,VCT,1999,2.750905506,-1.4176657579999996,-0.3400843282308823,0.12700653000000273,0.0019757099240391707,18.99200058,-0.4340000200000027,-0.0223411925561251,1.013550444,-1.1288560290000005,-0.5269102960743342,15.8261122894716,,,13.807318202671599,,,17.6037497378039,,,12.436898970687,,,12.793064713014,,
659,VCT2004,St. Vincent and the Grenadines,VCT,2004,3.955760488,-3.5312737809999994,-0.4716518789851421,0.21099852999999769,0.003228350385255263,19.76799965,-0.3870010400000013,-0.019201241714271625,2.960039467,2.754057758,13.370399592130775,,,,,,,,,,,,,,,
660,VCT2005,St. Vincent and the Grenadines,VCT,2005,2.313647825,-1.6421126630000002,-0.4151193349499881,0.2399978700000105,0.0036602337861115775,19.42499924,-0.3430004100000019,-0.017351295835337677,3.733429165,0.7733896979999999,0.2612768196580264,,,,,,,,,,,,,,,
661,VCT2006,St. Vincent and the Grenadines,VCT,2006,7.527183136,5.213535311000001,2.2533832740944493,0.03600310999999578,0.0005470849129143307,19.06399918,-0.3610000599999985,-0.018584302400209474,3.04861619,-0.6848129749999998,-0.18342733844261905,5.959304170444349,,-0.4931071160126306,0.894074966453077,,-0.8881716610354973,9.729228329837142,,-0.3891023877903569,2.96765988117748,,-0.6095232887398164,7.230042876612071,,0.022728615669044272
663,VCT2008,St. Vincent and the Grenadines,VCT,2008,6.551712589,8.259640322000001,-4.836059607447101,0.1709976199999943,0.0025913442246316976,18.79999924,0.027999879999999425,0.0014915768673879892,10.06624182,3.150549466,0.4555653005845088,,,,,,,,,,,,,,,
664,VCT2009,St. Vincent and the Grenadines,VCT,2009,-2.177917516,-8.729630105,-1.332419575250693,0.2730026300000077,0.004126462674957532,18.84399986,0.04400062000000205,0.002340458605252671,0.421539126,-9.644702694,-0.9581234850565112,,,,,,,,,,,,,,,
665,VCT2010,St. Vincent and the Grenadines,VCT,2010,-3.408340704,-1.2304231879999996,0.5649539888268199,0.3140029900000059,0.004726682829571338,18.85700035,0.013000489999999587,0.0006899007692944269,1.480573011,1.0590338849999998,2.5123027014104493,10.802624061767002,,-0.10613593924395592,7.911991829114702,,-0.0676578186362169,12.5219927557875,,-0.23890946956201564,8.31611113107245,,0.048474786281275765,8.07512893368359,,-0.06775312155181468
668,VCT2013,St. Vincent and the Grenadines,VCT,2013,1.839738097,0.4470401029999997,0.3209885452021408,0.02099609000001124,0.00031370222475368687,18.41500092,-0.12699890000000025,-0.006849255810207454,0.8051278040000001,-1.7933163369999998,-0.6901500435217552,,,,,,,,,,,,,,,
669,VCT2014,St. Vincent and the Grenadines,VCT,2014,1.117892258,-0.7218458390000001,-0.3923633696432607,-0.034996030000002065,-0.0005227111153195407,18.46299934,0.04799841999999899,0.002606484800544928,0.193858561,-0.6112692430000001,-0.7592201386700589,,,,,,,,,,,,,,,
670,VCT2015,St. Vincent and the Grenadines,VCT,2015,1.512113959,0.3942217010000002,0.352647312993557,-0.08499909000001082,-0.0012702356615760244,19.04199982,0.5790004800000013,0.03136004445093588,-1.73361195,-1.9274705109999999,-9.942663873379313,11.061342565454499,,-0.05897368022016625,8.70998943899673,,-0.03216970418037002,12.782466749875299,,-0.049343517535324184,8.35015839154874,,-0.04227562360828585,6.61049298043303,,-0.21902876308692346
671,VCT2016,St. Vincent and the Grenadines,VCT,2016,2.824061002,1.311947043,0.8676244506516058,-0.0429992699999957,-0.0006434030491304643,19.31100082,0.2690009999999994,0.014126720015902094,-0.14964164800000002,1.5839703019999998,-0.9136821547636425,,,,,,,,,,,,,,,
